,aphanizomenon,asplanchna,asterionella,bosmina,brachionus,ceratium,chaoborus,conochilus,copepod_skins,cyclops,daphnia,daphnia_skins,diaphanosoma,diatom_chain,dinobryon,dirt,eudiaptomus,filament,fish,fragilaria,hydra,kellicottia,keratella_cochlearis,keratella_quadrata,leptodora,maybe_cyano,nauplius,paradileptus,polyarthra,rotifers,synchaeta,trichocerca,unknown,unknown_plankton,uroglena
aphanizomenon,0.9393939393939394,0.0,0.0,0.0,0.0,0.0,0.0,0.0,0.0,0.0,0.0,0.0,0.0,0.0,0.0,0.0,0.0,0.0,0.0,0.0,0.0,0.030303030303030304,0.0,0.0,0.0,0.0,0.0,0.0,0.0,0.0,0.0,0.030303030303030304,0.0,0.0,0.0
asplanchna,0.0,0.9805825242718447,0.0,0.0,0.0,0.0,0.0,0.0,0.0,0.0,0.0,0.0,0.0,0.0,0.0,0.0,0.0,0.0,0.0,0.0,0.0,0.0,0.0,0.009708737864077669,0.0,0.0,0.0,0.0,0.0,0.0,0.009708737864077669,0.0,0.0,0.0,0.0
asterionella,0.0,0.0,0.9545454545454546,0.0,0.0,0.0,0.0,0.0,0.0,0.0,0.0,0.0,0.0,0.0,0.025974025974025976,0.0,0.0,0.0,0.0,0.0,0.0,0.0,0.0,0.0,0.0,0.012987012987012988,0.0,0.0,0.0,0.0,0.0,0.0,0.0,0.006493506493506494,0.0
bosmina,0.0,0.06666666666666667,0.0,0.8666666666666667,0.0,0.0,0.0,0.0,0.0,0.0,0.0,0.0,0.0,0.0,0.0,0.0,0.0,0.0,0.0,0.0,0.0,0.0,0.0,0.0,0.0,0.0,0.0,0.0,0.0,0.0,0.06666666666666667,0.0,0.0,0.0,0.0
brachionus,0.0,0.0,0.0,0.0,0.9565217391304348,0.0,0.0,0.0,0.0,0.0,0.0,0.0,0.0,0.0,0.0,0.0,0.0,0.0,0.0,0.0,0.0,0.0,0.0,0.0,0.0,0.0,0.0,0.0,0.0,0.043478260869565216,0.0,0.0,0.0,0.0,0.0
ceratium,0.0,0.0,0.0,0.0,0.0,0.9920634920634921,0.0,0.0,0.0,0.0,0.0,0.0,0.0,0.0,0.0,0.0,0.0,0.0,0.0,0.0,0.0,0.0,0.0,0.007936507936507936,0.0,0.0,0.0,0.0,0.0,0.0,0.0,0.0,0.0,0.0,0.0
chaoborus,0.0,0.0,0.0,0.0,0.0,0.0,1.0,0.0,0.0,0.0,0.0,0.0,0.0,0.0,0.0,0.0,0.0,0.0,0.0,0.0,0.0,0.0,0.0,0.0,0.0,0.0,0.0,0.0,0.0,0.0,0.0,0.0,0.0,0.0,0.0
conochilus,0.0,0.0,0.0,0.0,0.0,0.0,0.0,1.0,0.0,0.0,0.0,0.0,0.0,0.0,0.0,0.0,0.0,0.0,0.0,0.0,0.0,0.0,0.0,0.0,0.0,0.0,0.0,0.0,0.0,0.0,0.0,0.0,0.0,0.0,0.0
copepod_skins,0.0,0.0,0.0,0.0,0.0,0.0,0.0,0.0,1.0,0.0,0.0,0.0,0.0,0.0,0.0,0.0,0.0,0.0,0.0,0.0,0.0,0.0,0.0,0.0,0.0,0.0,0.0,0.0,0.0,0.0,0.0,0.0,0.0,0.0,0.0
cyclops,0.0,0.0,0.0,0.0,0.0,0.0,0.0,0.0,0.0,0.9606299212598425,0.0,0.0,0.007874015748031496,0.0,0.0,0.0,0.023622047244094488,0.0,0.0,0.0,0.0,0.0,0.0,0.0,0.0,0.0,0.007874015748031496,0.0,0.0,0.0,0.0,0.0,0.0,0.0,0.0
daphnia,0.0,0.0,0.0,0.0,0.0,0.0,0.0,0.0,0.010101010101010102,0.010101010101010102,0.9595959595959596,0.0,0.010101010101010102,0.0,0.0,0.0,0.010101010101010102,0.0,0.0,0.0,0.0,0.0,0.0,0.0,0.0,0.0,0.0,0.0,0.0,0.0,0.0,0.0,0.0,0.0,0.0
daphnia_skins,0.0,0.0,0.0,0.0,0.0,0.0,0.0,0.0,0.0,0.0,0.0,1.0,0.0,0.0,0.0,0.0,0.0,0.0,0.0,0.0,0.0,0.0,0.0,0.0,0.0,0.0,0.0,0.0,0.0,0.0,0.0,0.0,0.0,0.0,0.0
diaphanosoma,0.0,0.0,0.0,0.0,0.0,0.0,0.0,0.0,0.0,0.012578616352201259,0.0,0.0,0.9874213836477987,0.0,0.0,0.0,0.0,0.0,0.0,0.0,0.0,0.0,0.0,0.0,0.0,0.0,0.0,0.0,0.0,0.0,0.0,0.0,0.0,0.0,0.0
diatom_chain,0.0,0.0,0.0,0.0,0.0,0.0,0.0,0.0,0.0,0.0,0.0,0.0,0.0,1.0,0.0,0.0,0.0,0.0,0.0,0.0,0.0,0.0,0.0,0.0,0.0,0.0,0.0,0.0,0.0,0.0,0.0,0.0,0.0,0.0,0.0
dinobryon,0.0,0.0,0.00392156862745098,0.0,0.0,0.0,0.0,0.0,0.0,0.0,0.0,0.0,0.0,0.0,0.9921568627450981,0.0,0.0,0.0,0.0,0.0,0.0,0.0,0.0,0.0,0.0,0.00392156862745098,0.0,0.0,0.0,0.0,0.0,0.0,0.0,0.0,0.0
dirt,0.0,0.0,0.0,0.0,0.0,0.0,0.0,0.0,0.0,0.05555555555555555,0.0,0.0,0.0,0.0,0.16666666666666666,0.4444444444444444,0.0,0.05555555555555555,0.0,0.0,0.0,0.0,0.0,0.0,0.0,0.0,0.0,0.0,0.0,0.1111111111111111,0.0,0.0,0.16666666666666666,0.0,0.0
eudiaptomus,0.0,0.0,0.0,0.0,0.0,0.0,0.0,0.0,0.0,0.06896551724137931,0.011494252873563218,0.0,0.022988505747126436,0.0,0.0,0.0,0.8390804597701149,0.022988505747126436,0.0,0.0,0.0,0.011494252873563218,0.0,0.0,0.011494252873563218,0.0,0.0,0.0,0.0,0.0,0.0,0.0,0.0,0.011494252873563218,0.0
filament,0.015625,0.0,0.0,0.0,0.0,0.0,0.0,0.0,0.0,0.0,0.0,0.0,0.0,0.0,0.0,0.0,0.0,0.96875,0.0,0.0,0.015625,0.0,0.0,0.0,0.0,0.0,0.0,0.0,0.0,0.0,0.0,0.0,0.0,0.0,0.0
fish,0.0,0.0,0.0,0.0,0.0,0.0,0.0,0.0,0.0,0.0,0.0,0.0,0.0,0.0,0.0,0.0,0.0,0.0,1.0,0.0,0.0,0.0,0.0,0.0,0.0,0.0,0.0,0.0,0.0,0.0,0.0,0.0,0.0,0.0,0.0
fragilaria,0.0,0.0,0.0,0.0,0.0,0.0,0.0,0.0,0.0,0.0,0.0,0.0,0.0,0.0,0.0,0.0,0.0,0.017857142857142856,0.0,0.9821428571428571,0.0,0.0,0.0,0.0,0.0,0.0,0.0,0.0,0.0,0.0,0.0,0.0,0.0,0.0,0.0
hydra,0.0,0.0,0.0,0.0,0.0,0.0,0.0,0.0,0.0,0.0,0.0,0.0,0.0,0.0,0.0,0.0,0.5,0.0,0.0,0.0,0.5,0.0,0.0,0.0,0.0,0.0,0.0,0.0,0.0,0.0,0.0,0.0,0.0,0.0,0.0
kellicottia,0.0,0.0,0.0,0.0,0.0,0.012658227848101266,0.0,0.0,0.0,0.0,0.0,0.0,0.0,0.0,0.012658227848101266,0.0,0.0,0.0,0.0,0.0,0.0,0.9493670886075949,0.0,0.0,0.0,0.0,0.0,0.012658227848101266,0.0,0.0,0.0,0.0,0.012658227848101266,0.0,0.0
keratella_cochlearis,0.0,0.0,0.0,0.0,0.0,0.13333333333333333,0.0,0.0,0.0,0.0,0.0,0.0,0.0,0.0,0.0,0.0,0.0,0.0,0.0,0.0,0.0,0.0,0.8666666666666667,0.0,0.0,0.0,0.0,0.0,0.0,0.0,0.0,0.0,0.0,0.0,0.0
keratella_quadrata,0.0,0.0,0.0,0.0,0.0,0.02857142857142857,0.0,0.0,0.0,0.0,0.0,0.0,0.0,0.0,0.0,0.0,0.0,0.0,0.0,0.0,0.0,0.0,0.0,0.9142857142857143,0.0,0.0,0.0,0.0,0.014285714285714285,0.014285714285714285,0.0,0.02857142857142857,0.0,0.0,0.0
leptodora,0.0,0.0,0.0,0.0,0.0,0.0,0.0,0.0,0.038461538461538464,0.0,0.038461538461538464,0.0,0.0,0.0,0.0,0.0,0.038461538461538464,0.0,0.0,0.0,0.0,0.0,0.0,0.0,0.8846153846153846,0.0,0.0,0.0,0.0,0.0,0.0,0.0,0.0,0.0,0.0
maybe_cyano,0.0,0.0,0.0049504950495049506,0.0,0.0,0.0049504950495049506,0.0,0.0,0.0,0.0,0.0,0.0,0.0,0.0,0.0049504950495049506,0.0,0.0,0.0,0.0,0.0,0.0,0.0,0.0,0.0,0.0,0.9851485148514851,0.0,0.0,0.0,0.0,0.0,0.0,0.0,0.0,0.0
nauplius,0.0,0.0,0.0,0.0,0.0,0.0045045045045045045,0.0,0.0,0.0,0.0,0.0,0.0,0.0,0.0,0.013513513513513514,0.0,0.0,0.0,0.0,0.0,0.0,0.0,0.0,0.0,0.0,0.0,0.9819819819819819,0.0,0.0,0.0,0.0,0.0,0.0,0.0,0.0
paradileptus,0.0,0.0,0.0,0.0,0.0,0.0,0.0,0.0,0.0,0.0,0.0,0.0,0.0,0.0,0.0,0.0,0.0,0.0,0.0,0.0,0.0,0.013888888888888888,0.0,0.0,0.0,0.0,0.0,0.9722222222222222,0.0,0.0,0.0,0.013888888888888888,0.0,0.0,0.0
polyarthra,0.0,0.0,0.0,0.0,0.0,0.0,0.0,0.0,0.0,0.0,0.0,0.0,0.0,0.0,0.0,0.0,0.0,0.0,0.0,0.0,0.0,0.0,0.0,0.0,0.0,0.0,0.0,0.0,0.3,0.7,0.0,0.0,0.0,0.0,0.0
rotifers,0.0,0.0,0.0,0.0,0.03,0.0,0.0,0.0,0.0,0.0,0.0,0.0,0.0,0.0,0.0,0.0,0.0,0.0,0.0,0.0,0.0,0.0,0.02,0.0,0.0,0.0,0.01,0.0,0.02,0.91,0.0,0.0,0.01,0.0,0.0
synchaeta,0.0,0.0,0.0,0.0,0.0,0.0,0.0,0.0,0.0,0.0,0.0,0.0,0.0,0.0,0.0,0.0,0.0,0.0,0.0,0.0,0.0,0.0,0.0,0.0,0.0,0.0,0.0,0.0,0.0,0.0,0.9565217391304348,0.0,0.043478260869565216,0.0,0.0
trichocerca,0.0,0.0,0.0,0.0,0.0,0.0,0.0,0.0,0.0,0.0,0.0,0.0,0.0,0.0,0.0,0.0,0.0,0.0,0.0,0.0,0.0,0.0,0.0,0.045454545454545456,0.0,0.0,0.022727272727272728,0.0,0.0,0.022727272727272728,0.0,0.9090909090909091,0.0,0.0,0.0
unknown,0.0,0.0,0.0,0.0,0.038461538461538464,0.0,0.0,0.0,0.0,0.0,0.0,0.0,0.0,0.0,0.0,0.0,0.0,0.0,0.0,0.0,0.0,0.038461538461538464,0.0,0.0,0.0,0.11538461538461539,0.0,0.038461538461538464,0.0,0.07692307692307693,0.038461538461538464,0.038461538461538464,0.5769230769230769,0.038461538461538464,0.0
unknown_plankton,0.09090909090909091,0.0,0.0,0.0,0.0,0.0,0.0,0.0,0.09090909090909091,0.18181818181818182,0.0,0.0,0.0,0.0,0.09090909090909091,0.09090909090909091,0.0,0.0,0.0,0.0,0.0,0.09090909090909091,0.0,0.0,0.0,0.0,0.09090909090909091,0.0,0.0,0.09090909090909091,0.0,0.0,0.0,0.09090909090909091,0.09090909090909091
uroglena,0.0,0.0,0.0,0.0,0.0,0.0,0.0,0.0,0.0,0.0,0.0,0.0,0.0,0.0,0.0,0.0,0.0,0.0,0.0,0.0,0.0,0.0,0.0,0.0,0.0,0.0,0.0,0.0,0.0,0.0,0.0,0.0,0.0,0.0,1.0
