epoch,accuracy,loss,top2_accuracy,val_accuracy,val_loss,val_top2_accuracy,phase,global_epoch
0,0.6643573641777039,1.303816318511963,0.772814154624939,0.8212560415267944,0.6485399603843689,0.8992939591407776,frozen,1
1,0.8006848096847534,0.7119767665863037,0.8933747410774231,0.8591601848602295,0.4847286939620971,0.9349684119224548,frozen,2
2,0.8286351561546326,0.5933599472045898,0.914317548274994,0.8762542009353638,0.4239996969699859,0.945745050907135,frozen,3
3,0.8428093791007996,0.5367132425308228,0.9276955127716064,0.885915994644165,0.3876536786556244,0.950204372406006,frozen,4
4,0.8530020713806152,0.5005049109458923,0.92928808927536,0.887030839920044,0.3702161312103271,0.9535488486289978,frozen,5
5,0.8577799201011658,0.4738658666610718,0.9369326233863832,0.8959494829177856,0.3491987586021423,0.9568933248519896,frozen,6
6,0.8624780774116516,0.4552143216133117,0.937967836856842,0.8963210582733154,0.3515138328075409,0.9557785391807556,frozen,7
7,0.8656633496284485,0.4381638467311859,0.9409141540527344,0.9018952250480652,0.3264825344085693,0.958751380443573,frozen,8
8,0.8693263530731201,0.4243110716342926,0.9453734755516052,0.903381645679474,0.321064829826355,0.9602378010749816,frozen,9
9,0.8742634057998657,0.4103289246559143,0.944577157497406,0.9018952250480652,0.3162119686603546,0.9609810709953308,frozen,10
10,0.8775282502174377,0.3992114067077636,0.9469660520553588,0.9052397012710572,0.3142456710338592,0.9620958566665648,frozen,11
11,0.8748208284378052,0.3985243737697601,0.9476031064987184,0.9056112766265868,0.313595175743103,0.9635823369026184,frozen,12
12,0.8766523599624634,0.3980136513710022,0.9486383199691772,0.9111854434013368,0.3075028657913208,0.9676700234413148,frozen,13
13,0.8799172043800354,0.3778794109821319,0.9516642689704896,0.9115570187568665,0.2929039299488067,0.9687848091125488,frozen,14
14,0.8842172026634216,0.3721168637275696,0.9519827961921692,0.9067261219024658,0.2998044788837433,0.9669268131256104,frozen,15
15,0.8888357877731323,0.3597414493560791,0.9537346959114076,0.9082125425338744,0.2948640286922455,0.9669268131256104,frozen,16
16,0.8887561559677124,0.3595068156719208,0.9539735913276672,0.9126718640327454,0.2869148850440979,0.968413233757019,frozen,17
17,0.8841376304626465,0.3611804544925689,0.953177273273468,0.914158284664154,0.2831368148326874,0.9702712893486024,frozen,18
18,0.888119101524353,0.3554426729679107,0.9541327953338624,0.9134150743484496,0.2912647426128387,0.9680415987968444,frozen,19
19,0.8903487920761108,0.344917744398117,0.9566810131072998,0.9178743958473206,0.2813673615455627,0.968413233757019,frozen,20
20,0.8911451101303101,0.350157767534256,0.9581939578056335,0.9145299196243286,0.2820386588573456,0.970642864704132,frozen,21
21,0.8907469511032104,0.3427456617355346,0.9548494815826416,0.9145299196243286,0.2788633406162262,0.9725009202957152,frozen,22
22,0.8932154774665833,0.3374003171920776,0.957795798778534,0.9156447649002076,0.2802132666110992,0.9691564440727234,frozen,23
23,0.893454372882843,0.333777368068695,0.9593088030815125,0.9167595505714417,0.2763873338699341,0.969528079032898,frozen,24
24,0.8935340046882629,0.332059234380722,0.957875430583954,0.916387975215912,0.2762241065502167,0.9710144996643066,frozen,25
25,0.8952062726020813,0.3316235244274139,0.9585921168327332,0.9137867093086244,0.2801977396011352,0.969528079032898,frozen,26
26,0.8960025310516357,0.3256947696208954,0.9611403346061708,0.9189892411231996,0.2709225714206695,0.9698996543884276,frozen,27
27,0.8982322216033936,0.3183132410049438,0.9599458575248718,0.9171311855316162,0.2658705711364746,0.970642864704132,frozen,28
28,0.8940914273262024,0.3290801644325256,0.957477331161499,0.9193608164787292,0.278816282749176,0.9676700234413148,frozen,29
29,0.8979136943817139,0.3185475170612335,0.9600254893302916,0.9178743958473206,0.2684656977653503,0.9687848091125488,frozen,30
30,0.901178538799286,0.3114122152328491,0.9617773294448853,0.9197324514389038,0.2656691968441009,0.9698996543884276,frozen,31
31,0.9030100107192992,0.3083185851573944,0.9617773294448853,0.9208472967147828,0.2659225463867187,0.969528079032898,frozen,32
32,0.8996655344963074,0.3125424087047577,0.9624143838882446,0.9215905070304872,0.2673676609992981,0.97287255525589,frozen,33
33,0.904284119606018,0.3004279732704162,0.9604236483573914,0.9215905070304872,0.2620738744735718,0.9725009202957152,frozen,34
34,0.9023730158805848,0.3099978566169739,0.9623347520828248,0.9186176061630248,0.2665790617465973,0.9687848091125488,frozen,35
35,0.8989488482475281,0.3131212294101715,0.9590699076652528,0.9215905070304872,0.2633872628211975,0.9702712893486024,frozen,36
36,0.9051600694656372,0.3041991293430328,0.9633699655532836,0.9215905070304872,0.260037750005722,0.97287255525589,frozen,37
37,0.9026118516921996,0.3032525479793548,0.9616180658340454,0.9193608164787292,0.2651507258415222,0.97287255525589,frozen,38
38,0.904443383216858,0.2996193766593933,0.9627329111099244,0.9241917729377748,0.2596000134944916,0.9710144996643066,frozen,39
39,0.9083452820777892,0.2960968613624573,0.9627329111099244,0.9223337173461914,0.2633114457130432,0.9713860750198364,frozen,40
40,0.904443383216858,0.2965940237045288,0.9635292291641236,0.9201040267944336,0.2655088305473327,0.970642864704132,frozen,41
41,0.9034878015518188,0.2970636188983917,0.964962601661682,0.9189892411231996,0.2566666305065155,0.9710144996643066,frozen,42
42,0.9030896425247192,0.2883024513721466,0.9657588601112366,0.9219620823860168,0.2620130777359009,0.9710144996643066,frozen,43
43,0.90762859582901,0.2930696010589599,0.965281069278717,0.9215905070304872,0.2666075527667999,0.9710144996643066,frozen,44
44,0.9090619683265686,0.2865254580974579,0.9647237062454224,0.9219620823860168,0.260962575674057,0.968413233757019,frozen,45
45,0.9069915413856506,0.2902538478374481,0.9637681245803832,0.9212188720703124,0.2594249248504638,0.971757709980011,frozen,46
46,0.9049211740493774,0.2934310436248779,0.9645644426345824,0.9212188720703124,0.2610163688659668,0.9725009202957152,frozen,47
47,0.9057174921035768,0.2918694615364074,0.964962601661682,0.9219620823860168,0.2621608376502991,0.970642864704132,frozen,48
48,0.9061952829360962,0.2852306365966797,0.9659977555274964,0.9230769276618958,0.2571572661399841,0.971757709980011,frozen,49
49,0.908663809299469,0.2880688011646271,0.9648829698562622,0.9215905070304872,0.2585056126117706,0.9702712893486024,frozen,50
50,0.9089027047157288,0.2742942869663238,0.9678292870521544,0.9234485030174256,0.25733283162117,0.970642864704132,frozen,51
51,0.9104952812194824,0.2748757600784302,0.9659181237220764,0.9223337173461914,0.2581925690174103,0.970642864704132,frozen,52
52,0.9120082855224608,0.2758012115955353,0.9671922326087952,0.9212188720703124,0.2577345073223114,0.9713860750198364,frozen,53
53,0.9100971221923828,0.2725415527820587,0.9660773873329164,0.9245633482933044,0.259198784828186,0.9702712893486024,frozen,54
54,0.9124064445495604,0.2719619572162628,0.9672718644142152,0.9201040267944336,0.2601036429405212,0.970642864704132,frozen,55
55,0.9139990210533142,0.2661828100681305,0.9685459733009338,0.9238201379776,0.2562758922576904,0.9721293449401855,frozen,56
56,0.910893440246582,0.2704856693744659,0.9677496552467346,0.9253065586090088,0.2509215772151947,0.9713860750198364,frozen,57
57,0.91304349899292,0.2675612568855285,0.969660758972168,0.9212188720703124,0.2604745924472809,0.968413233757019,frozen,58
58,0.9120879173278807,0.2690655291080475,0.9670329689979552,0.9215905070304872,0.2591886818408966,0.9691564440727234,frozen,59
59,0.9100174903869628,0.2734735906124115,0.9676700234413148,0.9215905070304872,0.2571803033351898,0.9702712893486024,frozen,60
60,0.9147953391075134,0.2596511840820312,0.968466341495514,0.9256781935691832,0.2554456293582916,0.9702712893486024,frozen,61
61,0.9176620244979858,0.2569044828414917,0.9711737632751464,0.9219620823860168,0.2656792402267456,0.9680415987968444,frozen,62
62,0.914237916469574,0.2617031633853912,0.9668737053871156,0.9253065586090088,0.255774587392807,0.969528079032898,frozen,63
63,0.914078652858734,0.2628002166748047,0.9689440727233888,0.924934983253479,0.2561784088611603,0.9691564440727234,frozen,64
64,0.9157509207725524,0.2563968598842621,0.9686256051063538,0.9234485030174256,0.2578456997871399,0.9702712893486024,frozen,65
65,0.9166268706321716,0.2606663703918457,0.9698200225830078,0.9230769276618958,0.2565111517906189,0.9702712893486024,frozen,66
66,0.916308343410492,0.259648710489273,0.9691829681396484,0.9238201379776,0.2548270523548126,0.970642864704132,frozen,67
67,0.9151138663291932,0.2553253471851349,0.9692625999450684,0.924934983253479,0.2538374364376068,0.9710144996643066,frozen,68
68,0.9148749709129332,0.253723680973053,0.9702181816101074,0.9253065586090088,0.2566838264465332,0.9710144996643066,frozen,69
69,0.9164676070213318,0.257299542427063,0.9710941314697266,0.9215905070304872,0.2542669177055359,0.969528079032898,frozen,70
70,0.9159898161888124,0.2601481676101684,0.969581127166748,0.9267930388450624,0.2522002756595611,0.9691564440727234,frozen,71
71,0.916308343410492,0.2498292475938797,0.9719700813293456,0.9227052927017212,0.2509510517120361,0.970642864704132,frozen,72
72,0.9139990210533142,0.2570297420024872,0.9707756042480468,0.9245633482933044,0.2532910108566284,0.971757709980011,frozen,73
73,0.914237916469574,0.2551235258579254,0.9698200225830078,0.9238201379776,0.2548599541187286,0.9710144996643066,frozen,74
74,0.9164676070213318,0.2513833045959472,0.970616340637207,0.9275362491607666,0.2531816363334656,0.9680415987968444,frozen,75
75,0.9181398153305054,0.2522003650665283,0.969581127166748,0.9286510348320008,0.2506999969482422,0.969528079032898,frozen,76
76,0.9202102422714232,0.2489717602729797,0.97284597158432,0.927164614200592,0.2528467774391174,0.9713860750198364,frozen,77
77,0.9182194471359252,0.2440700381994247,0.9734033942222596,0.9260497689247132,0.2582717537879944,0.9702712893486024,frozen,78
78,0.920608401298523,0.2489760220050811,0.9710941314697266,0.9264214038848876,0.2492569833993911,0.970642864704132,frozen,79
79,0.9155120253562928,0.2527137696743011,0.9707756042480468,0.9245633482933044,0.2540789544582367,0.9713860750198364,frozen,80
80,0.9206880331039428,0.2425725311040878,0.97284597158432,0.9238201379776,0.2532338798046112,0.9680415987968444,frozen,81
81,0.9179805517196656,0.2521584033966064,0.9698996543884276,0.9256781935691832,0.2502099871635437,0.9691564440727234,frozen,82
82,0.9160694479942322,0.2497832775115966,0.9711737632751464,0.9264214038848876,0.24671570956707,0.9702712893486024,frozen,83
83,0.9217231869697572,0.2406933605670929,0.9727663397789,0.9256781935691832,0.244226723909378,0.971757709980011,frozen,84
84,0.9217231869697572,0.2356773614883422,0.9736422896385192,0.9264214038848876,0.2455212920904159,0.9710144996643066,frozen,85
85,0.9202898740768432,0.2425345182418823,0.9726867079734802,0.9230769276618958,0.2533748149871826,0.9698996543884276,frozen,86
86,0.9204491376876832,0.2384100705385208,0.9727663397789,0.9297658801078796,0.2510603070259094,0.9698996543884276,frozen,87
87,0.9211657643318176,0.238114595413208,0.9724478125572203,0.9297658801078796,0.2464583963155746,0.9725009202957152,frozen,88
88,0.9178212881088256,0.2365374118089676,0.973881185054779,0.927164614200592,0.2424046546220779,0.971757709980011,frozen,89
89,0.919573187828064,0.2445566207170486,0.970695972442627,0.9264214038848876,0.2471807301044464,0.970642864704132,frozen,90
90,0.923793613910675,0.2336706519126892,0.9745978713035583,0.9264214038848876,0.2471778839826584,0.970642864704132,frozen,91
91,0.925067663192749,0.2308379113674163,0.9736422896385192,0.9223337173461914,0.2519890069961548,0.969528079032898,frozen,92
92,0.922678768634796,0.2340003699064254,0.9746775031089784,0.924934983253479,0.2511289119720459,0.9702712893486024,frozen,93
93,0.9202102422714232,0.2398341745138168,0.971731185913086,0.9238201379776,0.2508802711963653,0.9721293449401855,frozen,94
94,0.922758400440216,0.2359286099672317,0.9740404486656188,0.9260497689247132,0.2524172067642212,0.9725009202957152,frozen,95
95,0.919573187828064,0.2408298105001449,0.9723682403564452,0.927164614200592,0.2483369410037994,0.9713860750198364,frozen,96
96,0.9249880313873292,0.2247191816568374,0.9746775031089784,0.9230769276618958,0.2528663575649261,0.9702712893486024,frozen,97
97,0.9220417141914368,0.2318460047245025,0.974996030330658,0.9275362491607666,0.2474384307861328,0.9721293449401855,frozen,98
98,0.9279344081878662,0.2194956094026565,0.9760312438011168,0.928279459476471,0.250814139842987,0.9710144996643066,frozen,99
99,0.922678768634796,0.2355273514986038,0.9735626578330994,0.9264214038848876,0.2498572170734405,0.971757709980011,frozen,100
100,0.9236343502998352,0.2304851710796356,0.974996030330658,0.9286510348320008,0.2498891800642013,0.9702712893486024,frozen,101
101,0.926262140274048,0.2286215275526046,0.9741200804710388,0.9286510348320008,0.249540314078331,0.9698996543884276,frozen,102
102,0.9200509786605836,0.2397336959838867,0.974836766719818,0.9301375150680542,0.2531189322471618,0.9687848091125488,frozen,103
103,0.9274566173553468,0.2246103733778,0.9758719801902772,0.92939430475235,0.2448574602603912,0.97287255525589,frozen,104
104,0.9202898740768432,0.2373693883419037,0.9726070761680604,0.9301375150680542,0.2433212697505951,0.9721293449401855,frozen,105
105,0.926262140274048,0.2209288328886032,0.9766682386398317,0.9297658801078796,0.2492415457963943,0.970642864704132,frozen,106
106,0.9242714047431946,0.2269196659326553,0.973960816860199,0.9297658801078796,0.246381014585495,0.971757709980011,frozen,107
107,0.9233158230781556,0.2279021888971328,0.9745978713035583,0.9290226697921752,0.2440889328718185,0.9721293449401855,frozen,108
108,0.9290491938591005,0.2216252982616424,0.977225661277771,0.92939430475235,0.2453799992799759,0.9710144996643066,frozen,109
109,0.9266602993011476,0.2238505184650421,0.9769867658615112,0.9290226697921752,0.2436356544494629,0.9710144996643066,frozen,110
110,0.9267399311065674,0.2227363884449005,0.9735626578330994,0.928279459476471,0.2502628862857818,0.9698996543884276,frozen,111
111,0.9243510365486144,0.2270623296499252,0.973881185054779,0.930509090423584,0.2446779161691665,0.9698996543884276,frozen,112
112,0.9272177219390868,0.2190037965774536,0.9752349257469176,0.92939430475235,0.2515060007572174,0.969528079032898,frozen,113
113,0.9289695620536804,0.216735154390335,0.9780219793319702,0.9301375150680542,0.2454079389572143,0.9721293449401855,frozen,114
114,0.9264214038848876,0.226681113243103,0.9741200804710388,0.9297658801078796,0.2434229701757431,0.969528079032898,frozen,115
115,0.9316770434379578,0.2170541435480117,0.977225661277771,0.9323671460151672,0.2456562519073486,0.9687848091125488,frozen,116
116,0.9259436130523682,0.2225553840398788,0.9769867658615112,0.927164614200592,0.2469680458307266,0.970642864704132,frozen,117
117,0.9277751445770264,0.2197664231061935,0.974916398525238,0.930509090423584,0.2426385581493377,0.9732441306114196,frozen,118
118,0.9300844073295592,0.2143043577671051,0.9765089750289916,0.92939430475235,0.2433633208274841,0.970642864704132,frozen,119
119,0.9234750866889954,0.2241220623254776,0.9742793440818788,0.9323671460151672,0.2436575144529342,0.9710144996643066,frozen,120
120,0.9308010935783386,0.2121665030717849,0.976110816001892,0.928279459476471,0.2501137852668762,0.9710144996643066,frozen,121
121,0.927138090133667,0.2136558592319488,0.9785794019699096,0.933853566646576,0.2429092824459076,0.9721293449401855,frozen,122
122,0.9276158809661864,0.2120660692453384,0.9767478704452516,0.9316239356994628,0.2474423944950103,0.9702712893486024,frozen,123
123,0.928252935409546,0.2118094116449356,0.97818124294281,0.9342252016067504,0.2394663244485855,0.97287255525589,frozen,124
124,0.9291288256645204,0.214197352528572,0.974916398525238,0.9308807253837584,0.2401132583618164,0.9732441306114196,frozen,125
125,0.9324733018875122,0.2157895565032959,0.9773849248886108,0.930509090423584,0.2454866170883178,0.9698996543884276,frozen,126
126,0.9333492517471312,0.209059476852417,0.9775441884994508,0.9297658801078796,0.2481980621814727,0.9698996543884276,frozen,127
127,0.9294473528862,0.206427663564682,0.9773052930831908,0.9290226697921752,0.2513281106948852,0.9710144996643066,frozen,128
128,0.925147294998169,0.2169003337621688,0.9768275022506714,0.9297658801078796,0.2442689388990402,0.970642864704132,frozen,129
129,0.9291288256645204,0.2117176949977874,0.9764293432235718,0.9319955110549928,0.243779182434082,0.97287255525589,frozen,130
130,0.9290491938591005,0.2145539969205856,0.9754738211631776,0.9279078245162964,0.247743010520935,0.971757709980011,frozen,131
131,0.928252935409546,0.2155295312404632,0.976270079612732,0.928279459476471,0.2479744255542755,0.971757709980011,frozen,132
132,0.9288899302482604,0.2128611952066421,0.9787386655807496,0.9327387809753418,0.2455174177885055,0.9702712893486024,frozen,133
133,0.931358516216278,0.2104793936014175,0.9778627157211304,0.9319955110549928,0.2460209429264068,0.9687848091125488,frozen,134
134,0.92928808927536,0.2100788652896881,0.9776238203048706,0.930509090423584,0.2463912814855575,0.9721293449401855,frozen,135
135,0.9308807253837584,0.2139880657196045,0.97826087474823,0.9308807253837584,0.2446038722991943,0.9702712893486024,frozen,136
136,0.930402934551239,0.2078452706336975,0.97810161113739,0.9323671460151672,0.2456422597169876,0.97287255525589,frozen,137
137,0.9306418299674988,0.2010314911603927,0.9784201383590698,0.9297658801078796,0.2441564351320266,0.971757709980011,frozen,138
138,0.9307214617729188,0.2065899223089218,0.9779423475265504,0.9331103563308716,0.2425495982170105,0.97287255525589,frozen,139
139,0.9335881471633912,0.1982788890600204,0.9795349836349488,0.930509090423584,0.2426349818706512,0.9713860750198364,frozen,140
140,0.9284917712211608,0.2077402472496032,0.975951611995697,0.9316239356994628,0.2378513514995575,0.9751021862030028,frozen,141
141,0.9319159388542176,0.2038102149963379,0.9779423475265504,0.9319955110549928,0.2414256632328033,0.9725009202957152,frozen,142
142,0.931517779827118,0.2094651907682418,0.97810161113739,0.9312523007392884,0.2452671825885772,0.97287255525589,frozen,143
143,0.9323140382766724,0.2021078616380691,0.9790571928024292,0.9316239356994628,0.2405951023101806,0.9721293449401855,frozen,144
144,0.9338270425796508,0.1966483891010284,0.9800923466682434,0.9290226697921752,0.2452237457036972,0.971757709980011,frozen,145
145,0.92952698469162,0.2050219625234604,0.9801719784736632,0.930509090423584,0.2421544343233108,0.9725009202957152,frozen,146
146,0.9317566752433776,0.2003467977046966,0.9788182973861694,0.927164614200592,0.2481811642646789,0.971757709980011,frozen,147
147,0.932712197303772,0.2028106898069381,0.9774645566940308,0.9319955110549928,0.246904194355011,0.9713860750198364,frozen,148
148,0.9308010935783386,0.2071133106946945,0.9784997701644896,0.9267930388450624,0.2507499158382416,0.9713860750198364,frozen,149
149,0.9319955110549928,0.1977405101060867,0.9794553518295288,0.9297658801078796,0.2477822601795196,0.9743589758872986,frozen,150
150,0.931438148021698,0.1989834159612655,0.9795349836349488,0.933481991291046,0.2460030019283294,0.9713860750198364,frozen,151
151,0.9301640391349792,0.2105418294668197,0.9777830839157104,0.9297658801078796,0.2488455921411514,0.9713860750198364,frozen,152
152,0.931438148021698,0.2023454904556274,0.9796146154403688,0.933481991291046,0.2422914952039718,0.97287255525589,frozen,153
153,0.9332696199417114,0.1974019855260849,0.9812071919441224,0.933853566646576,0.2394285351037979,0.9725009202957152,frozen,154
154,0.9354196786880492,0.1929060071706771,0.9800923466682434,0.933853566646576,0.2428598403930664,0.9725009202957152,frozen,155
155,0.9316770434379578,0.200292557477951,0.9791368246078492,0.9286510348320008,0.2493054270744323,0.9713860750198364,frozen,156
156,0.9331103563308716,0.1946070790290832,0.9785794019699096,0.9297658801078796,0.2459188252687454,0.9721293449401855,frozen,157
157,0.933667778968811,0.193814069032669,0.979296088218689,0.9323671460151672,0.2462199032306671,0.9725009202957152,frozen,158
158,0.9315974116325378,0.19636270403862,0.9794553518295288,0.9308807253837584,0.2447101473808288,0.971757709980011,frozen,159
159,0.9319159388542176,0.1968605667352676,0.981525719165802,0.9286510348320008,0.2430672645568847,0.9725009202957152,frozen,160
160,0.9338270425796508,0.1917136907577514,0.9812071919441224,0.9297658801078796,0.2422087490558624,0.9736157655715942,frozen,161
161,0.937967836856842,0.1886960715055465,0.9811275601387024,0.9316239356994628,0.2452631890773773,0.9721293449401855,frozen,162
162,0.9324733018875122,0.2029541283845901,0.9786590337753296,0.927164614200592,0.2472433298826217,0.9698996543884276,frozen,163
163,0.933747410774231,0.1915677338838577,0.979216456413269,0.9319955110549928,0.2400451004505157,0.9721293449401855,frozen,164
164,0.93486225605011,0.1879097521305084,0.9808886647224426,0.9308807253837584,0.2348448634147644,0.9732441306114196,frozen,165
165,0.9349418878555298,0.1897405982017517,0.9824016690254213,0.9290226697921752,0.23829086124897,0.9732441306114196,frozen,166
166,0.9344640970230104,0.1938080787658691,0.9785794019699096,0.9308807253837584,0.2380403280258178,0.971757709980011,frozen,167
167,0.9356585741043092,0.1882088929414749,0.9802516102790833,0.9290226697921752,0.2407042384147644,0.9713860750198364,frozen,168
168,0.9352604150772096,0.1932637393474578,0.9820831418037416,0.9316239356994628,0.2358776032924652,0.9725009202957152,frozen,169
169,0.9353400468826294,0.1904423832893371,0.9800127148628236,0.9308807253837584,0.2369142025709152,0.9732441306114196,frozen,170
170,0.9357381463050842,0.1913000792264938,0.9799330830574036,0.9297658801078796,0.2424432933330536,0.97287255525589,frozen,171
171,0.9323140382766724,0.1996417641639709,0.9788182973861694,0.9275362491607666,0.2363797724246978,0.9725009202957152,frozen,172
172,0.9345437288284302,0.1969051361083984,0.9802516102790833,0.9301375150680542,0.2372363954782486,0.9736157655715942,frozen,173
173,0.9341455698013306,0.1900215744972229,0.979296088218689,0.9297658801078796,0.2360205203294754,0.9732441306114196,frozen,174
174,0.9302436709403992,0.1985147446393966,0.9787386655807496,0.9316239356994628,0.2360672205686569,0.9732441306114196,frozen,175
175,0.9368529915809632,0.1873061954975128,0.9807294011116028,0.9297658801078796,0.237164631485939,0.9721293449401855,frozen,176
176,0.9378085732460022,0.1848202645778656,0.9811275601387024,0.933853566646576,0.2355488836765289,0.971757709980011,frozen,177
177,0.93486225605011,0.1895838230848312,0.979216456413269,0.9323671460151672,0.2359821647405624,0.97287255525589,frozen,178
178,0.93486225605011,0.1950724422931671,0.9787386655807496,0.9316239356994628,0.2362587600946426,0.97287255525589,frozen,179
179,0.9338270425796508,0.1932297796010971,0.9794553518295288,0.9308807253837584,0.2366415113210678,0.97287255525589,frozen,180
180,0.9361363053321838,0.1857404261827469,0.9811275601387024,0.9290226697921752,0.2427613735198974,0.9732441306114196,frozen,181
181,0.9374104142189026,0.1848743706941604,0.980490505695343,0.9308807253837584,0.2369039952754974,0.9725009202957152,frozen,182
182,0.9355789422988892,0.1911396533250808,0.981525719165802,0.9312523007392884,0.2398469597101211,0.9725009202957152,frozen,183
183,0.9382067322731018,0.185010552406311,0.9826405644416808,0.9316239356994628,0.2341841608285904,0.9747306108474731,frozen,184
184,0.9385252594947816,0.1811819970607757,0.9813664555549622,0.9308807253837584,0.2373350113630294,0.97287255525589,frozen,185
185,0.938047468662262,0.1848223656415939,0.9820035099983216,0.9286510348320008,0.2414153814315796,0.9732441306114196,frozen,186
186,0.9400382041931152,0.1805043965578079,0.981446087360382,0.9301375150680542,0.2416118085384369,0.97287255525589,frozen,187
187,0.9363752007484436,0.1893673539161682,0.9811275601387024,0.9316239356994628,0.2418148666620254,0.971757709980011,frozen,188
188,0.9369326233863832,0.1816154271364212,0.9820035099983216,0.933853566646576,0.2341842055320739,0.97287255525589,frozen,189
189,0.9349418878555298,0.189241737127304,0.9808886647224426,0.9323671460151672,0.2372649312019348,0.973987340927124,frozen,190
190,0.9386048913002014,0.1846133321523666,0.9816849827766418,0.933853566646576,0.2392007410526275,0.9721293449401855,frozen,191
191,0.9332696199417114,0.1903343498706817,0.979296088218689,0.9308807253837584,0.240871176123619,0.9721293449401855,frozen,192
192,0.9416308403015136,0.1776103675365448,0.9813664555549622,0.930509090423584,0.2372676879167556,0.97287255525589,frozen,193
193,0.939003050327301,0.1795657277107238,0.9817646145820618,0.9316239356994628,0.2342220544815063,0.9721293449401855,frozen,194
194,0.9405956268310548,0.1792205870151519,0.9821627736091614,0.9297658801078796,0.2390617132186889,0.9725009202957152,frozen,195
195,0.93478262424469,0.1891177743673324,0.9800127148628236,0.9323671460151672,0.2395884990692138,0.9713860750198364,frozen,196
196,0.9367733597755432,0.1875848621129989,0.9806497693061828,0.933853566646576,0.2372044771909713,0.973987340927124,frozen,197
197,0.9362159371376038,0.1873403638601303,0.9812071919441224,0.9308807253837584,0.2404213994741439,0.97287255525589,frozen,198
198,0.939003050327301,0.1822955161333084,0.981605350971222,0.9312523007392884,0.2425769418478012,0.97287255525589,frozen,199
199,0.9354196786880492,0.1851231306791305,0.9812071919441224,0.933481991291046,0.2370953559875488,0.9743589758872986,frozen,200
0,0.953256905078888,0.1419029533863067,0.987975776195526,0.933481991291046,0.2345226556062698,0.9747306108474731,fine_tuning,201
1,0.9551680088043212,0.1401746124029159,0.9870998859405518,0.9345967769622804,0.2337623089551925,0.9743589758872986,fine_tuning,202
2,0.9594680666923524,0.1190733909606933,0.9899665713310242,0.9349684119224548,0.2346377372741699,0.9751021862030028,fine_tuning,203
3,0.957556962966919,0.1275576949119568,0.9904443621635436,0.933853566646576,0.2352586537599563,0.9769602417945862,fine_tuning,204
4,0.9567606449127196,0.1291354596614837,0.9874979853630066,0.9319955110549928,0.2353920638561248,0.9762170314788818,fine_tuning,205
5,0.9568402767181396,0.1278578490018844,0.9892498850822448,0.933481991291046,0.2332385182380676,0.9762170314788818,fine_tuning,206
6,0.958751380443573,0.1273267567157745,0.988214671611786,0.9316239356994628,0.233196347951889,0.9765886068344116,fine_tuning,207
7,0.95644211769104,0.1282497644424438,0.9892498850822448,0.9327387809753418,0.2344205826520919,0.9758453965187072,fine_tuning,208
8,0.957795798778534,0.1227303966879844,0.9896480441093444,0.9327387809753418,0.2327419966459274,0.9765886068344116,fine_tuning,209
9,0.9585921168327332,0.121968112885952,0.9889313578605652,0.933853566646576,0.2326902151107788,0.9769602417945862,fine_tuning,210
10,0.9623347520828248,0.1169603541493415,0.9898073077201844,0.9327387809753418,0.2332458347082138,0.9769602417945862,fine_tuning,211
11,0.9579550623893738,0.1237570196390152,0.989170253276825,0.933481991291046,0.2314016073942184,0.9769602417945862,fine_tuning,212
12,0.9538143277168274,0.1269652396440506,0.9886924624443054,0.9323671460151672,0.2325033247470855,0.9769602417945862,fine_tuning,213
13,0.9603440165519714,0.1185004636645317,0.9895684123039246,0.9319955110549928,0.2316301167011261,0.9769602417945862,fine_tuning,214
14,0.959706962108612,0.1210938245058059,0.9886128306388856,0.9316239356994628,0.2307972609996795,0.9765886068344116,fine_tuning,215
15,0.9612995982170104,0.1121229454874992,0.991479516029358,0.933853566646576,0.230731263756752,0.9777034521102904,fine_tuning,216
16,0.9600254893302916,0.1184343248605728,0.990285098552704,0.933481991291046,0.2320124804973602,0.9769602417945862,fine_tuning,217
17,0.9600254893302916,0.1209258660674095,0.9893295168876648,0.9345967769622804,0.2304969727993011,0.977331817150116,fine_tuning,218
18,0.9591495394706726,0.1199176535010337,0.9908424615859984,0.933481991291046,0.2303269505500793,0.9769602417945862,fine_tuning,219
19,0.9616976976394652,0.1168959811329841,0.9910017251968384,0.933481991291046,0.2306081652641296,0.9769602417945862,fine_tuning,220
20,0.9603440165519714,0.121720053255558,0.9889313578605652,0.9327387809753418,0.2303905040025711,0.977331817150116,fine_tuning,221
21,0.95652174949646,0.1215163767337799,0.9892498850822448,0.933853566646576,0.2307271510362625,0.9777034521102904,fine_tuning,222
22,0.9602643847465516,0.1125817149877548,0.990125834941864,0.9331103563308716,0.2316251546144485,0.9769602417945862,fine_tuning,223
23,0.9626532793045044,0.1133633032441139,0.9906832575798036,0.933481991291046,0.2308913171291351,0.9769602417945862,fine_tuning,224
24,0.965360701084137,0.1079729199409484,0.990205466747284,0.933853566646576,0.231267362833023,0.9762170314788818,fine_tuning,225
25,0.9601847529411316,0.1137200891971588,0.9906036257743835,0.933853566646576,0.229726567864418,0.9765886068344116,fine_tuning,226
26,0.960742175579071,0.1129079535603523,0.9906036257743835,0.9345967769622804,0.2306023389101028,0.9762170314788818,fine_tuning,227
27,0.9628125429153442,0.1101058796048164,0.9899665713310242,0.933853566646576,0.2306668311357498,0.9758453965187072,fine_tuning,228
28,0.9616180658340454,0.1157543733716011,0.990125834941864,0.9342252016067504,0.2298969328403473,0.9777034521102904,fine_tuning,229
29,0.9612995982170104,0.1153326034545898,0.990046203136444,0.933853566646576,0.2317414432764053,0.9765886068344116,fine_tuning,230
30,0.960742175579071,0.1159224137663841,0.9906036257743835,0.933481991291046,0.2301826775074005,0.9765886068344116,fine_tuning,231
31,0.9621754884719848,0.109827384352684,0.9908424615859984,0.9342252016067504,0.2306466102600097,0.9765886068344116,fine_tuning,232
32,0.9618569612503052,0.1098442450165748,0.9904443621635436,0.9345967769622804,0.2297879457473755,0.9769602417945862,fine_tuning,233
33,0.9623347520828248,0.1100572869181633,0.990046203136444,0.9353400468826294,0.2294539958238601,0.9765886068344116,fine_tuning,234
34,0.9614588022232056,0.1129777878522872,0.990125834941864,0.9360832571983336,0.229901447892189,0.9769602417945862,fine_tuning,235
35,0.9637681245803832,0.1075285673141479,0.9911609888076782,0.9345967769622804,0.2296701222658157,0.9769602417945862,fine_tuning,236
36,0.962971806526184,0.1100166738033294,0.9906832575798036,0.9353400468826294,0.2291982769966125,0.9762170314788818,fine_tuning,237
37,0.9636884927749634,0.1111364886164665,0.9916387796401978,0.9357116222381592,0.2298799455165863,0.977331817150116,fine_tuning,238
38,0.9609810709953308,0.1098099276423454,0.9903647303581238,0.9349684119224548,0.229554146528244,0.9762170314788818,fine_tuning,239
39,0.9637681245803832,0.1107037588953971,0.9916387796401978,0.9349684119224548,0.2287710607051849,0.9758453965187072,fine_tuning,240
40,0.964086651802063,0.1079162508249282,0.9907628893852234,0.9345967769622804,0.2282638847827911,0.9762170314788818,fine_tuning,241
41,0.963051438331604,0.110183410346508,0.9906832575798036,0.9353400468826294,0.2288753986358642,0.977331817150116,fine_tuning,242
42,0.960742175579071,0.1095766946673393,0.9919573068618774,0.9357116222381592,0.2276680916547775,0.9769602417945862,fine_tuning,243
43,0.9656792283058168,0.1073494851589202,0.9911609888076782,0.937198042869568,0.227859690785408,0.9769602417945862,fine_tuning,244
44,0.9635292291641236,0.1073030978441238,0.9907628893852234,0.937941312789917,0.2271493822336197,0.9758453965187072,fine_tuning,245
45,0.9614588022232056,0.1130544319748878,0.9903647303581238,0.9357116222381592,0.2264163941144943,0.977331817150116,fine_tuning,246
46,0.9628125429153442,0.1108952313661575,0.9898869395256042,0.9360832571983336,0.2272087037563324,0.9769602417945862,fine_tuning,247
47,0.9619365930557252,0.1116270497441291,0.9895684123039246,0.936826467514038,0.2258415520191192,0.9758453965187072,fine_tuning,248
48,0.9659181237220764,0.1053647622466087,0.9916387796401978,0.936826467514038,0.2271886616945266,0.9765886068344116,fine_tuning,249
49,0.9635292291641236,0.1048192307353019,0.9910813570022584,0.936826467514038,0.2275096178054809,0.9765886068344116,fine_tuning,250
50,0.964962601661682,0.1052945256233215,0.991399884223938,0.9375696778297424,0.227272629737854,0.9758453965187072,fine_tuning,251
51,0.9666348099708556,0.1034235432744026,0.991399884223938,0.936826467514038,0.2261269092559814,0.9777034521102904,fine_tuning,252
52,0.9658384919166564,0.1027696505188942,0.9920369386672974,0.9353400468826294,0.2261377274990081,0.9769602417945862,fine_tuning,253
53,0.9636884927749634,0.1016706824302673,0.991479516029358,0.9357116222381592,0.2265413999557495,0.9769602417945862,fine_tuning,254
54,0.966475546360016,0.1027517020702362,0.9922758340835572,0.936826467514038,0.2269542664289474,0.9777034521102904,fine_tuning,255
55,0.9641662836074828,0.1032951027154922,0.9904443621635436,0.936826467514038,0.2270156294107437,0.977331817150116,fine_tuning,256
56,0.9638477563858032,0.1040957421064376,0.9917184114456176,0.9364548325538636,0.2259005457162857,0.9762170314788818,fine_tuning,257
57,0.964962601661682,0.1019891798496246,0.9920369386672974,0.937198042869568,0.2258861660957336,0.977331817150116,fine_tuning,258
58,0.9645644426345824,0.1040646657347679,0.9910017251968384,0.937198042869568,0.22605861723423,0.9777034521102904,fine_tuning,259
59,0.966395914554596,0.1000181883573532,0.9909220933914183,0.937198042869568,0.2260361611843109,0.9777034521102904,fine_tuning,260
60,0.9690237045288086,0.0962999463081359,0.992355465888977,0.9357116222381592,0.2269779294729232,0.9784466624259948,fine_tuning,261
61,0.966316282749176,0.0992545485496521,0.9931517839431764,0.9375696778297424,0.2256005406379699,0.977331817150116,fine_tuning,262
62,0.9648829698562622,0.1035948246717453,0.9915591478347778,0.936826467514038,0.225553959608078,0.9780750870704652,fine_tuning,263
63,0.965281069278717,0.0994636937975883,0.9910017251968384,0.936826467514038,0.2259067147970199,0.9777034521102904,fine_tuning,264
64,0.9671922326087952,0.0986478626728057,0.9907628893852234,0.9353400468826294,0.226269781589508,0.9784466624259948,fine_tuning,265
65,0.9671126008033752,0.0997783467173576,0.9922758340835572,0.9349684119224548,0.226324126124382,0.9769602417945862,fine_tuning,266
66,0.9654403328895568,0.1043212264776229,0.992355465888977,0.9364548325538636,0.2256723046302795,0.9777034521102904,fine_tuning,267
67,0.965360701084137,0.1012072414159774,0.991479516029358,0.9353400468826294,0.2267134934663772,0.9784466624259948,fine_tuning,268
68,0.9676700234413148,0.0996167361736297,0.9929128885269164,0.936826467514038,0.2266852706670761,0.9777034521102904,fine_tuning,269
69,0.9641662836074828,0.1034225150942802,0.9915591478347778,0.9360832571983336,0.2265960425138473,0.9780750870704652,fine_tuning,270
70,0.965360701084137,0.1027888432145118,0.991399884223938,0.9357116222381592,0.2260947525501251,0.9784466624259948,fine_tuning,271
71,0.9670329689979552,0.0988587066531181,0.9925147294998168,0.9345967769622804,0.2270040363073349,0.9780750870704652,fine_tuning,272
72,0.967351496219635,0.0949452146887779,0.9922758340835572,0.9357116222381592,0.2281830906867981,0.977331817150116,fine_tuning,273
73,0.964086651802063,0.0996927767992019,0.9917184114456176,0.937198042869568,0.2276406735181808,0.9769602417945862,fine_tuning,274
74,0.9680681824684144,0.0960426107048988,0.9918776750564576,0.9364548325538636,0.2264219373464584,0.9769602417945862,fine_tuning,275
75,0.9678292870521544,0.0997188687324523,0.9915591478347778,0.9360832571983336,0.2268382757902145,0.9777034521102904,fine_tuning,276
76,0.9655199646949768,0.0995189249515533,0.9930721521377563,0.936826467514038,0.2259960621595382,0.9780750870704652,fine_tuning,277
77,0.9675107598304749,0.0976967364549636,0.9928332567214966,0.9375696778297424,0.225845068693161,0.9777034521102904,fine_tuning,278
78,0.9679089188575744,0.0991424173116684,0.9921962022781372,0.936826467514038,0.2249283641576767,0.9777034521102904,fine_tuning,279
79,0.9648829698562622,0.0992857813835144,0.992435097694397,0.9375696778297424,0.2254698276519775,0.9780750870704652,fine_tuning,280
80,0.969501495361328,0.0917785018682479,0.993470311164856,0.936826467514038,0.2263064533472061,0.9780750870704652,fine_tuning,281
81,0.966316282749176,0.1014982387423515,0.9908424615859984,0.9375696778297424,0.2254795134067535,0.9777034521102904,fine_tuning,282
82,0.9659977555274964,0.096100278198719,0.9921962022781372,0.936826467514038,0.2262634932994842,0.9780750870704652,fine_tuning,283
83,0.9667144417762756,0.0978410467505455,0.9922758340835572,0.937198042869568,0.2250277996063232,0.977331817150116,fine_tuning,284
84,0.9679089188575744,0.0938156321644783,0.9925147294998168,0.936826467514038,0.2260255962610244,0.9777034521102904,fine_tuning,285
85,0.9660773873329164,0.0978234782814979,0.9920369386672974,0.9375696778297424,0.2264472395181656,0.9777034521102904,fine_tuning,286
86,0.9685459733009338,0.0923628434538841,0.9931517839431764,0.9375696778297424,0.2250767201185226,0.9780750870704652,fine_tuning,287
87,0.969581127166748,0.0953269526362419,0.9926739931106568,0.936826467514038,0.2248300462961197,0.9780750870704652,fine_tuning,288
88,0.968466341495514,0.0903359279036521,0.993311047554016,0.937941312789917,0.2264303565025329,0.9777034521102904,fine_tuning,289
89,0.965042233467102,0.0992505401372909,0.9917184114456176,0.937198042869568,0.2254311889410019,0.9780750870704652,fine_tuning,290
90,0.9670329689979552,0.0981128886342048,0.9917184114456176,0.936826467514038,0.2249820083379745,0.9784466624259948,fine_tuning,291
91,0.968386709690094,0.0955835655331611,0.9930721521377563,0.937198042869568,0.2249783128499984,0.9791898727416992,fine_tuning,292
92,0.968307077884674,0.0941767692565918,0.993549942970276,0.9375696778297424,0.2259621918201446,0.977331817150116,fine_tuning,293
93,0.9679885506629944,0.097994789481163,0.9918776750564576,0.9375696778297424,0.2263060212135315,0.977331817150116,fine_tuning,294
94,0.9703774452209472,0.0896656140685081,0.9939481019973756,0.9375696778297424,0.2253753393888473,0.9769602417945862,fine_tuning,295
95,0.9667144417762756,0.0943600088357925,0.9929925203323364,0.936826467514038,0.2260880321264267,0.9769602417945862,fine_tuning,296
96,0.9707756042480468,0.0914785787463188,0.9921962022781372,0.936826467514038,0.2250988334417343,0.9762170314788818,fine_tuning,297
97,0.9691829681396484,0.092817984521389,0.993311047554016,0.9375696778297424,0.2258439064025879,0.9765886068344116,fine_tuning,298
98,0.9712533950805664,0.0888845100998878,0.9936295747756958,0.9383128881454468,0.2252743393182754,0.977331817150116,fine_tuning,299
99,0.9691033363342284,0.091236338019371,0.9938684701919556,0.937941312789917,0.2253325879573822,0.9777034521102904,fine_tuning,300
100,0.9691829681396484,0.0925478413701057,0.9940277338027954,0.9375696778297424,0.2257565706968307,0.9769602417945862,fine_tuning,301
101,0.9677496552467346,0.0942248180508613,0.9929925203323364,0.937941312789917,0.2246604263782501,0.977331817150116,fine_tuning,302
102,0.9674311280250548,0.0971244126558303,0.9920369386672974,0.9386845231056212,0.2259011566638946,0.977331817150116,fine_tuning,303
103,0.9708552360534668,0.0855742171406745,0.993390679359436,0.937198042869568,0.2256553620100021,0.9780750870704652,fine_tuning,304
104,0.9675107598304749,0.0968051329255104,0.9931517839431764,0.9360832571983336,0.2253960072994232,0.9780750870704652,fine_tuning,305
105,0.9699792861938475,0.0890631303191185,0.9929925203323364,0.937198042869568,0.225567877292633,0.9777034521102904,fine_tuning,306
106,0.9687848091125488,0.0891957804560661,0.993549942970276,0.936826467514038,0.2258652150630951,0.977331817150116,fine_tuning,307
107,0.9688644409179688,0.0906529352068901,0.9930721521377563,0.937941312789917,0.2251265794038772,0.9777034521102904,fine_tuning,308
108,0.9702181816101074,0.0886670053005218,0.9916387796401978,0.937941312789917,0.224309965968132,0.9777034521102904,fine_tuning,309
109,0.9712533950805664,0.0891846492886543,0.9936295747756958,0.9386845231056212,0.2246135473251342,0.9780750870704652,fine_tuning,310
110,0.9685459733009338,0.0890662744641304,0.9928332567214966,0.9375696778297424,0.2257412374019622,0.977331817150116,fine_tuning,311
111,0.9698200225830078,0.0901306644082069,0.9931517839431764,0.9383128881454468,0.2252964973449707,0.9780750870704652,fine_tuning,312
112,0.9714126586914062,0.0858977064490318,0.99466472864151,0.9386845231056212,0.2250484675168991,0.977331817150116,fine_tuning,313
113,0.969581127166748,0.0871015638113021,0.9939481019973756,0.9390560984611512,0.2252236455678939,0.9784466624259948,fine_tuning,314
114,0.9687052369117736,0.0893940106034278,0.9925147294998168,0.9386845231056212,0.2250517010688781,0.9780750870704652,fine_tuning,315
115,0.9707756042480468,0.0895153880119323,0.9931517839431764,0.937198042869568,0.2257051318883896,0.9769602417945862,fine_tuning,316
116,0.9699792861938475,0.0900877341628074,0.992355465888977,0.937941312789917,0.2249914854764938,0.9777034521102904,fine_tuning,317
117,0.97284597158432,0.0851199775934219,0.9932314157485962,0.936826467514038,0.2253422439098358,0.9765886068344116,fine_tuning,318
118,0.9699792861938475,0.0898040235042572,0.993311047554016,0.9390560984611512,0.2261377871036529,0.9777034521102904,fine_tuning,319
119,0.969501495361328,0.0899841338396072,0.9940277338027954,0.937198042869568,0.2271234691143036,0.977331817150116,fine_tuning,320
120,0.9687052369117736,0.088132619857788,0.9941869974136353,0.937198042869568,0.2263064682483673,0.977331817150116,fine_tuning,321
121,0.9710144996643066,0.0876710712909698,0.9937092065811156,0.9383128881454468,0.2252323180437088,0.9780750870704652,fine_tuning,322
122,0.971651554107666,0.084759771823883,0.993470311164856,0.9360832571983336,0.2254171669483184,0.9780750870704652,fine_tuning,323
123,0.9709348678588868,0.0865723341703414,0.9929925203323364,0.937198042869568,0.2253306806087494,0.977331817150116,fine_tuning,324
124,0.970695972442627,0.0873024389147758,0.9921165704727172,0.937198042869568,0.225089281797409,0.9777034521102904,fine_tuning,325
125,0.9688644409179688,0.0925478115677833,0.9929925203323364,0.9386845231056212,0.2242083698511123,0.977331817150116,fine_tuning,326
126,0.9724478125572203,0.0881488323211669,0.9929128885269164,0.9397993087768556,0.2255792468786239,0.9769602417945862,fine_tuning,327
127,0.97292560338974,0.0804218724370002,0.993470311164856,0.937941312789917,0.2260412871837616,0.9765886068344116,fine_tuning,328
128,0.9707756042480468,0.086876668035984,0.993390679359436,0.9383128881454468,0.2257344275712967,0.977331817150116,fine_tuning,329
129,0.9735626578330994,0.0822116509079933,0.9940277338027954,0.9383128881454468,0.2250728607177734,0.9777034521102904,fine_tuning,330
130,0.971731185913086,0.0857352465391159,0.9937092065811156,0.937941312789917,0.2255003452301025,0.9777034521102904,fine_tuning,331
131,0.9698200225830078,0.0902338996529579,0.9930721521377563,0.937941312789917,0.2254001945257187,0.9777034521102904,fine_tuning,332
132,0.97284597158432,0.0833740308880806,0.993390679359436,0.936826467514038,0.2248601913452148,0.9780750870704652,fine_tuning,333
133,0.971571922302246,0.0836104676127433,0.993390679359436,0.937198042869568,0.2257669121026992,0.9780750870704652,fine_tuning,334
134,0.9691033363342284,0.0863041207194328,0.993470311164856,0.9375696778297424,0.2259846776723861,0.9784466624259948,fine_tuning,335
135,0.971651554107666,0.083689771592617,0.99474436044693,0.937941312789917,0.2251442372798919,0.9791898727416992,fine_tuning,336
136,0.9722089767456056,0.0855339914560318,0.994425892829895,0.937941312789917,0.2245275825262069,0.9784466624259948,fine_tuning,337
137,0.9712533950805664,0.0819686576724052,0.9941869974136353,0.936826467514038,0.2256006598472595,0.9780750870704652,fine_tuning,338
138,0.9709348678588868,0.0864152312278747,0.9937888383865356,0.937198042869568,0.2248437106609344,0.9780750870704652,fine_tuning,339
139,0.9740404486656188,0.0769679471850395,0.99474436044693,0.9364548325538636,0.2245850563049316,0.9784466624259948,fine_tuning,340
140,0.9736422896385192,0.0819583088159561,0.993390679359436,0.9383128881454468,0.2248615175485611,0.9788182973861694,fine_tuning,341
141,0.9724478125572203,0.0832174271345138,0.993311047554016,0.9386845231056212,0.2242253124713897,0.9788182973861694,fine_tuning,342
142,0.9713330268859864,0.0835179537534713,0.9936295747756958,0.9390560984611512,0.2243066281080246,0.9780750870704652,fine_tuning,343
143,0.9723682403564452,0.0814719423651695,0.9942666292190552,0.9394277334213256,0.2247564196586609,0.9788182973861694,fine_tuning,344
144,0.9722886085510254,0.0813974514603614,0.9937092065811156,0.9386845231056212,0.2249066531658172,0.9784466624259948,fine_tuning,345
145,0.971571922302246,0.0817762836813926,0.9932314157485962,0.9397993087768556,0.2244178503751754,0.9780750870704652,fine_tuning,346
146,0.9734830260276794,0.0773935914039611,0.99466472864151,0.9390560984611512,0.2252668291330337,0.9769602417945862,fine_tuning,347
147,0.9745978713035583,0.0796452388167381,0.9940277338027954,0.9386845231056212,0.22553351521492,0.9780750870704652,fine_tuning,348
148,0.9722886085510254,0.0835960134863853,0.9939481019973756,0.9383128881454468,0.2262304723262787,0.9780750870704652,fine_tuning,349
149,0.9738015532493592,0.078323520720005,0.994425892829895,0.937941312789917,0.2262655347585678,0.9777034521102904,fine_tuning,350
150,0.9734033942222596,0.0805174931883812,0.9943462610244752,0.9386845231056212,0.2266496866941452,0.9769602417945862,fine_tuning,351
151,0.9707756042480468,0.0848326385021209,0.9932314157485962,0.9386845231056212,0.2265417426824569,0.9769602417945862,fine_tuning,352
152,0.9710941314697266,0.0833348333835601,0.993470311164856,0.9390560984611512,0.2253393083810806,0.9780750870704652,fine_tuning,353
153,0.9730848670005798,0.0808336213231086,0.9940277338027954,0.9394277334213256,0.2243544608354568,0.977331817150116,fine_tuning,354
154,0.9751552939414978,0.0757908523082733,0.9942666292190552,0.9390560984611512,0.2238938957452774,0.9769602417945862,fine_tuning,355
155,0.9734830260276794,0.0798736810684204,0.9942666292190552,0.9390560984611512,0.2237592190504074,0.977331817150116,fine_tuning,356
156,0.9751552939414978,0.0770704820752143,0.993311047554016,0.9383128881454468,0.2241141349077224,0.9780750870704652,fine_tuning,357
157,0.9733237624168396,0.0756130963563919,0.9941073656082152,0.9386845231056212,0.2248120307922363,0.9777034521102904,fine_tuning,358
158,0.9730848670005798,0.0763055011630058,0.9949036240577698,0.94017094373703,0.2246449142694473,0.977331817150116,fine_tuning,359
159,0.9764293432235718,0.0749579966068267,0.9951425194740297,0.9394277334213256,0.2261361330747604,0.9777034521102904,fine_tuning,360
160,0.9753941893577576,0.0774935409426689,0.9938684701919556,0.9394277334213256,0.2259090840816497,0.9780750870704652,fine_tuning,361
161,0.974836766719818,0.0758350118994712,0.9953017830848694,0.9397993087768556,0.2240276038646698,0.9769602417945862,fine_tuning,362
162,0.974996030330658,0.077253520488739,0.9937092065811156,0.9390560984611512,0.224352166056633,0.977331817150116,fine_tuning,363
163,0.9745182394981384,0.0772233828902244,0.9945054650306702,0.9386845231056212,0.2251898795366287,0.9784466624259948,fine_tuning,364
164,0.9745978713035583,0.0749807059764862,0.9941869974136353,0.9397993087768556,0.2245783656835556,0.9788182973861694,fine_tuning,365
165,0.97818124294281,0.0678544864058494,0.9959388375282288,0.9394277334213256,0.2262226045131683,0.9784466624259948,fine_tuning,366
166,0.975951611995697,0.0723050534725189,0.9953017830848694,0.9394277334213256,0.2259345948696136,0.9784466624259948,fine_tuning,367
167,0.9769867658615112,0.0709745362401008,0.9950628876686096,0.9405425786972046,0.225717008113861,0.9780750870704652,fine_tuning,368
168,0.9758719801902772,0.0717461854219436,0.9952221512794496,0.9386845231056212,0.226201444864273,0.9780750870704652,fine_tuning,369
169,0.9753941893577576,0.0717783272266388,0.99474436044693,0.9383128881454468,0.2251584678888321,0.9784466624259948,fine_tuning,370
170,0.9766682386398317,0.0710482895374298,0.9950628876686096,0.9386845231056212,0.2253697365522384,0.9784466624259948,fine_tuning,371
171,0.9769867658615112,0.0701021701097488,0.9954610466957092,0.9390560984611512,0.2261170595884323,0.9788182973861694,fine_tuning,372
172,0.9753145575523376,0.0747398510575294,0.9937888383865356,0.9390560984611512,0.2248156368732452,0.9784466624259948,fine_tuning,373
173,0.9769071340560912,0.0719411969184875,0.99458509683609,0.9383128881454468,0.2253348529338836,0.9780750870704652,fine_tuning,374
174,0.9769867658615112,0.0715686082839965,0.9956203103065492,0.9383128881454468,0.2247668504714965,0.9784466624259948,fine_tuning,375
175,0.9777034521102904,0.0701981261372566,0.9952221512794496,0.9390560984611512,0.2252682149410247,0.9791898727416992,fine_tuning,376
176,0.9788979291915894,0.0663869678974151,0.9953814148902892,0.9383128881454468,0.2249045073986053,0.9788182973861694,fine_tuning,377
177,0.9795349836349488,0.0654408112168312,0.9953017830848694,0.9390560984611512,0.2254647761583328,0.9788182973861694,fine_tuning,378
178,0.9777830839157104,0.0665482580661773,0.9956203103065492,0.9383128881454468,0.2255483716726303,0.9777034521102904,fine_tuning,379
179,0.9777830839157104,0.0698487907648086,0.9951425194740297,0.9375696778297424,0.225810095667839,0.9780750870704652,fine_tuning,380
180,0.9794553518295288,0.0632244050502777,0.9955406785011292,0.94017094373703,0.2259805500507354,0.9777034521102904,fine_tuning,381
181,0.9795349836349488,0.0637048184871673,0.9955406785011292,0.9383128881454468,0.2264788299798965,0.977331817150116,fine_tuning,382
182,0.979296088218689,0.0620657131075859,0.9955406785011292,0.9394277334213256,0.2272097319364547,0.9777034521102904,fine_tuning,383
183,0.9786590337753296,0.0617064163088798,0.9956203103065492,0.9386845231056212,0.2268479168415069,0.9780750870704652,fine_tuning,384
184,0.965042233467102,0.1019573882222175,0.991320252418518,0.9390560984611512,0.2249518185853958,0.9784466624259948,fine_tuning,385
185,0.9658384919166564,0.0995513275265693,0.9928332567214966,0.94017094373703,0.2242113947868347,0.9777034521102904,fine_tuning,386
186,0.9677496552467346,0.0991615504026413,0.991399884223938,0.9409141540527344,0.2231416702270507,0.9784466624259948,fine_tuning,387
187,0.9648033380508424,0.1033007726073265,0.991479516029358,0.9409141540527344,0.2229075282812118,0.9777034521102904,fine_tuning,388
188,0.9674311280250548,0.0970467552542686,0.9921165704727172,0.9383128881454468,0.2237646430730819,0.9784466624259948,fine_tuning,389
189,0.9640070199966432,0.101307213306427,0.9919573068618774,0.9397993087768556,0.2231184691190719,0.9777034521102904,fine_tuning,390
190,0.9660773873329164,0.1010310277342796,0.991479516029358,0.9405425786972046,0.2222594022750854,0.9788182973861694,fine_tuning,391
191,0.9639273881912231,0.1023791506886482,0.9917184114456176,0.9397993087768556,0.223141610622406,0.9788182973861694,fine_tuning,392
192,0.966316282749176,0.1013824865221977,0.9915591478347778,0.9405425786972046,0.2216063141822815,0.9788182973861694,fine_tuning,393
193,0.9661570191383362,0.0978849455714225,0.9925147294998168,0.9409141540527344,0.221989020705223,0.9784466624259948,fine_tuning,394
194,0.9667144417762756,0.0984779372811317,0.9917980432510376,0.9394277334213256,0.2214174717664718,0.9780750870704652,fine_tuning,395
195,0.9655995965003968,0.1028600260615348,0.991479516029358,0.94017094373703,0.2214891016483307,0.9777034521102904,fine_tuning,396
196,0.966475546360016,0.0966191068291664,0.9921962022781372,0.94017094373703,0.2208570837974548,0.9780750870704652,fine_tuning,397
197,0.9658384919166564,0.1029064506292343,0.992355465888977,0.9390560984611512,0.2207526564598083,0.9777034521102904,fine_tuning,398
198,0.9644051790237428,0.1028305068612098,0.9919573068618774,0.9386845231056212,0.2208590805530548,0.9780750870704652,fine_tuning,399
199,0.9628921747207642,0.104138545691967,0.991399884223938,0.9390560984611512,0.2207857370376587,0.9780750870704652,fine_tuning,400
200,0.9659181237220764,0.0973301380872726,0.9920369386672974,0.9390560984611512,0.2209068238735199,0.9784466624259948,fine_tuning,401
201,0.9659181237220764,0.1021172702312469,0.9916387796401978,0.9394277334213256,0.2210361808538437,0.9791898727416992,fine_tuning,402
202,0.9636088609695436,0.1034833937883377,0.9921165704727172,0.9386845231056212,0.2198337763547897,0.9777034521102904,fine_tuning,403
203,0.966316282749176,0.0996040776371955,0.9928332567214966,0.9394277334213256,0.2192990034818649,0.9788182973861694,fine_tuning,404
204,0.966475546360016,0.0980756133794784,0.9917184114456176,0.9390560984611512,0.2204739153385162,0.9784466624259948,fine_tuning,405
205,0.964962601661682,0.1000526025891304,0.9919573068618774,0.9397993087768556,0.2188732475042343,0.9784466624259948,fine_tuning,406
206,0.965281069278717,0.1027643084526062,0.9921165704727172,0.9386845231056212,0.2195392996072769,0.9780750870704652,fine_tuning,407
207,0.966475546360016,0.0997764095664024,0.9921165704727172,0.94017094373703,0.219523474574089,0.9784466624259948,fine_tuning,408
208,0.9647237062454224,0.105701632797718,0.9919573068618774,0.9405425786972046,0.2190358489751815,0.9788182973861694,fine_tuning,409
209,0.9651218056678772,0.1016596481204032,0.9918776750564576,0.9397993087768556,0.2187211066484451,0.9788182973861694,fine_tuning,410
210,0.966236650943756,0.1003955155611038,0.9926739931106568,0.9397993087768556,0.2191974073648452,0.9784466624259948,fine_tuning,411
211,0.9648033380508424,0.0993311032652854,0.992355465888977,0.94017094373703,0.2189961373805999,0.9791898727416992,fine_tuning,412
212,0.9669533371925354,0.0969260856509208,0.9920369386672974,0.9397993087768556,0.2194549739360809,0.9788182973861694,fine_tuning,413
213,0.9660773873329164,0.1004151254892349,0.9925943613052368,0.9394277334213256,0.2198449820280075,0.9788182973861694,fine_tuning,414
214,0.9651218056678772,0.1016170531511306,0.9910813570022584,0.9397993087768556,0.2189047485589981,0.9788182973861694,fine_tuning,415
215,0.9671922326087952,0.1007281616330146,0.9916387796401978,0.9386845231056212,0.2183824330568313,0.9784466624259948,fine_tuning,416
216,0.965042233467102,0.1040176376700401,0.991320252418518,0.9394277334213256,0.2188660353422165,0.9784466624259948,fine_tuning,417
217,0.968466341495514,0.0964496061205864,0.9919573068618774,0.9397993087768556,0.2191410511732101,0.9784466624259948,fine_tuning,418
218,0.9670329689979552,0.0952075719833374,0.992355465888977,0.9390560984611512,0.2189974337816238,0.9788182973861694,fine_tuning,419
219,0.9680681824684144,0.097241036593914,0.9937888383865356,0.9394277334213256,0.2182715833187103,0.9784466624259948,fine_tuning,420
220,0.9657588601112366,0.0952561572194099,0.9929925203323364,0.94017094373703,0.2188324630260467,0.9777034521102904,fine_tuning,421
221,0.9675107598304749,0.096678227186203,0.991479516029358,0.9394277334213256,0.2182158529758453,0.9777034521102904,fine_tuning,422
222,0.9670329689979552,0.101547747850418,0.9916387796401978,0.9405425786972046,0.2175222039222717,0.9784466624259948,fine_tuning,423
223,0.9666348099708556,0.0957231968641281,0.9920369386672974,0.9409141540527344,0.2188380658626556,0.9777034521102904,fine_tuning,424
224,0.9671126008033752,0.0986650958657264,0.993311047554016,0.94017094373703,0.2192375361919403,0.9780750870704652,fine_tuning,425
225,0.9671126008033752,0.093415655195713,0.9928332567214966,0.9409141540527344,0.2193070948123932,0.977331817150116,fine_tuning,426
226,0.9667144417762756,0.0947831347584724,0.9929128885269164,0.94017094373703,0.2201332747936248,0.9780750870704652,fine_tuning,427
227,0.967351496219635,0.0956301316618919,0.992355465888977,0.9394277334213256,0.2193101197481155,0.9777034521102904,fine_tuning,428
228,0.9685459733009338,0.0917514935135841,0.9937092065811156,0.9412857890129088,0.2198668420314788,0.9769602417945862,fine_tuning,429
229,0.9657588601112366,0.0992427542805671,0.9916387796401978,0.9420289993286132,0.2193521708250045,0.9769602417945862,fine_tuning,430
230,0.968466341495514,0.0918416678905487,0.9927536249160768,0.94017094373703,0.2187016606330871,0.9777034521102904,fine_tuning,431
231,0.9685459733009338,0.0910739004611969,0.993390679359436,0.9397993087768556,0.2192884683609008,0.9780750870704652,fine_tuning,432
232,0.9667144417762756,0.0971456691622734,0.9925147294998168,0.94017094373703,0.2193104475736618,0.9780750870704652,fine_tuning,433
233,0.9657588601112366,0.1014043092727661,0.9917184114456176,0.9405425786972046,0.2197626084089279,0.9777034521102904,fine_tuning,434
234,0.9689440727233888,0.0913063287734985,0.9925943613052368,0.9397993087768556,0.219563603401184,0.9780750870704652,fine_tuning,435
235,0.9687052369117736,0.097148023545742,0.993549942970276,0.9409141540527344,0.2190957963466644,0.9780750870704652,fine_tuning,436
236,0.9671922326087952,0.0971674919128418,0.9925943613052368,0.94017094373703,0.2189783751964569,0.9777034521102904,fine_tuning,437
237,0.9655199646949768,0.0960715785622596,0.9929925203323364,0.9397993087768556,0.2187795042991638,0.9777034521102904,fine_tuning,438
238,0.9666348099708556,0.0951378494501113,0.9929128885269164,0.9420289993286132,0.2195763736963272,0.9777034521102904,fine_tuning,439
239,0.9658384919166564,0.0976674184203147,0.9917184114456176,0.94017094373703,0.2199064195156097,0.9784466624259948,fine_tuning,440
240,0.9691033363342284,0.0950342938303947,0.9925943613052368,0.9409141540527344,0.2198164314031601,0.9784466624259948,fine_tuning,441
241,0.9667144417762756,0.0950008556246757,0.9925147294998168,0.9427722096443176,0.2182964384555816,0.9777034521102904,fine_tuning,442
242,0.966236650943756,0.0972245410084724,0.9918776750564576,0.9405425786972046,0.2183150649070739,0.977331817150116,fine_tuning,443
243,0.966475546360016,0.0984909310936927,0.992435097694397,0.9409141540527344,0.2181295752525329,0.9784466624259948,fine_tuning,444
244,0.9665551781654358,0.0941673666238784,0.9919573068618774,0.9409141540527344,0.2190237194299698,0.9788182973861694,fine_tuning,445
245,0.9676700234413148,0.0930059105157852,0.9931517839431764,0.9412857890129088,0.2183586657047271,0.9784466624259948,fine_tuning,446
246,0.966236650943756,0.0964253172278404,0.9925943613052368,0.94017094373703,0.2195030897855758,0.9784466624259948,fine_tuning,447
247,0.9675903916358948,0.0897034853696823,0.9930721521377563,0.94017094373703,0.2190728187561035,0.9784466624259948,fine_tuning,448
248,0.9675903916358948,0.09473317861557,0.9915591478347778,0.94017094373703,0.2204461693763733,0.9777034521102904,fine_tuning,449
249,0.9687848091125488,0.0927788242697715,0.9917184114456176,0.9409141540527344,0.2190014421939849,0.9788182973861694,fine_tuning,450
250,0.9675107598304749,0.0961695834994316,0.9921165704727172,0.9412857890129088,0.2187828719615936,0.9784466624259948,fine_tuning,451
251,0.9647237062454224,0.1015704870223999,0.9909220933914183,0.94017094373703,0.2183632552623748,0.9780750870704652,fine_tuning,452
252,0.9669533371925354,0.0963350757956504,0.992435097694397,0.94017094373703,0.219059482216835,0.9784466624259948,fine_tuning,453
253,0.9665551781654358,0.0967628061771392,0.9921165704727172,0.9394277334213256,0.2183622419834137,0.9784466624259948,fine_tuning,454
254,0.9671922326087952,0.0972994565963745,0.992355465888977,0.9394277334213256,0.2187625616788864,0.9788182973861694,fine_tuning,455
255,0.9648829698562622,0.1031609252095222,0.9921165704727172,0.9409141540527344,0.2182654589414596,0.9788182973861694,fine_tuning,456
256,0.9688644409179688,0.0959844589233398,0.993549942970276,0.94017094373703,0.2171268910169601,0.9791898727416992,fine_tuning,457
257,0.9672718644142152,0.0954248234629631,0.9921165704727172,0.9405425786972046,0.2180895656347274,0.9788182973861694,fine_tuning,458
258,0.9679089188575744,0.0990181788802146,0.9917184114456176,0.9405425786972046,0.2186973989009857,0.9784466624259948,fine_tuning,459
259,0.9654403328895568,0.095787726342678,0.9921962022781372,0.9416573643684388,0.2179209738969802,0.9784466624259948,fine_tuning,460
260,0.9648033380508424,0.0971907153725624,0.9929128885269164,0.9409141540527344,0.2191441357135772,0.9784466624259948,fine_tuning,461
261,0.9658384919166564,0.0987754091620445,0.9911609888076782,0.9412857890129088,0.2171686887741089,0.9788182973861694,fine_tuning,462
262,0.9688644409179688,0.0950207561254501,0.9926739931106568,0.9405425786972046,0.2172123342752456,0.9788182973861694,fine_tuning,463
263,0.9668737053871156,0.0938421040773391,0.9929925203323364,0.9412857890129088,0.2177014946937561,0.9780750870704652,fine_tuning,464
264,0.9678292870521544,0.092300184071064,0.9931517839431764,0.9409141540527344,0.2176979333162307,0.9780750870704652,fine_tuning,465
265,0.9691829681396484,0.0903379023075103,0.9932314157485962,0.9409141540527344,0.2176595032215118,0.9784466624259948,fine_tuning,466
266,0.9691829681396484,0.0926265865564346,0.9931517839431764,0.9409141540527344,0.2170391082763672,0.9791898727416992,fine_tuning,467
267,0.9641662836074828,0.0998584851622581,0.9915591478347778,0.9416573643684388,0.2164033502340316,0.9788182973861694,fine_tuning,468
268,0.969501495361328,0.094037115573883,0.992435097694397,0.9409141540527344,0.2166213393211364,0.9780750870704652,fine_tuning,469
269,0.9674311280250548,0.0955192148685455,0.9929128885269164,0.9405425786972046,0.2172006666660308,0.9788182973861694,fine_tuning,470
270,0.9672718644142152,0.0947735011577606,0.9931517839431764,0.9394277334213256,0.217131108045578,0.9780750870704652,fine_tuning,471
271,0.9656792283058168,0.0903214365243911,0.9930721521377563,0.9409141540527344,0.2185843586921692,0.9788182973861694,fine_tuning,472
272,0.965281069278717,0.0982990935444831,0.9908424615859984,0.9416573643684388,0.2166108936071396,0.9788182973861694,fine_tuning,473
273,0.9679885506629944,0.0938575938344001,0.9932314157485962,0.9405425786972046,0.2175022661685943,0.9788182973861694,fine_tuning,474
274,0.9674311280250548,0.0947245955467224,0.9925147294998168,0.9427722096443176,0.2174474596977234,0.9791898727416992,fine_tuning,475
275,0.9672718644142152,0.0920838862657547,0.9930721521377563,0.9412857890129088,0.2188555151224136,0.9788182973861694,fine_tuning,476
276,0.9675903916358948,0.0936182737350463,0.9928332567214966,0.9412857890129088,0.2184981405735016,0.9780750870704652,fine_tuning,477
277,0.966236650943756,0.0952666029334068,0.9916387796401978,0.9420289993286132,0.2183583825826645,0.9784466624259948,fine_tuning,478
278,0.9651218056678772,0.0951270386576652,0.9921165704727172,0.9412857890129088,0.2173345983028412,0.9788182973861694,fine_tuning,479
279,0.9667144417762756,0.0970053821802139,0.9904443621635436,0.9409141540527344,0.2187073528766632,0.9791898727416992,fine_tuning,480
280,0.968386709690094,0.0942281633615493,0.9928332567214966,0.9420289993286132,0.2178236693143844,0.9791898727416992,fine_tuning,481
281,0.9667940735816956,0.0915620103478431,0.9926739931106568,0.9412857890129088,0.2166456431150436,0.9795615077018738,fine_tuning,482
282,0.9680681824684144,0.0919129699468612,0.991479516029358,0.9412857890129088,0.2174754291772842,0.9791898727416992,fine_tuning,483
283,0.9671922326087952,0.0940528213977813,0.9917980432510376,0.9424005746841432,0.2164101302623748,0.9791898727416992,fine_tuning,484
284,0.9692625999450684,0.0917739272117614,0.9941073656082152,0.9416573643684388,0.2167768627405166,0.9780750870704652,fine_tuning,485
285,0.967351496219635,0.0954856798052787,0.9917980432510376,0.9409141540527344,0.2175534963607788,0.9788182973861694,fine_tuning,486
286,0.9656792283058168,0.1024413406848907,0.9915591478347778,0.9420289993286132,0.2159197479486465,0.9788182973861694,fine_tuning,487
287,0.966475546360016,0.0961111411452293,0.9921165704727172,0.9416573643684388,0.2171510905027389,0.9788182973861694,fine_tuning,488
288,0.9672718644142152,0.0930540710687637,0.9938684701919556,0.9427722096443176,0.2158893793821334,0.9795615077018738,fine_tuning,489
289,0.971571922302246,0.0881113409996032,0.9931517839431764,0.9420289993286132,0.2162115573883056,0.9791898727416992,fine_tuning,490
290,0.9668737053871156,0.096351534128189,0.9930721521377563,0.9416573643684388,0.2154998779296875,0.9795615077018738,fine_tuning,491
291,0.9680681824684144,0.0920058190822601,0.9929925203323364,0.94017094373703,0.2157028913497924,0.9784466624259948,fine_tuning,492
292,0.965360701084137,0.0977593883872032,0.9927536249160768,0.9412857890129088,0.2153566181659698,0.9788182973861694,fine_tuning,493
293,0.9659977555274964,0.0945921093225479,0.9921165704727172,0.9409141540527344,0.2156959027051925,0.9791898727416992,fine_tuning,494
294,0.965281069278717,0.0987414121627807,0.9922758340835572,0.9405425786972046,0.2162027806043625,0.9780750870704652,fine_tuning,495
295,0.9690237045288086,0.0932953581213951,0.9918776750564576,0.9409141540527344,0.2141871899366378,0.9788182973861694,fine_tuning,496
296,0.9689440727233888,0.0895015001296997,0.9920369386672974,0.9405425786972046,0.2149048149585724,0.9784466624259948,fine_tuning,497
297,0.9675903916358948,0.094796173274517,0.9936295747756958,0.9424005746841432,0.2142273485660553,0.9780750870704652,fine_tuning,498
298,0.968386709690094,0.0868752971291542,0.9943462610244752,0.9416573643684388,0.2137090563774109,0.9780750870704652,fine_tuning,499
299,0.9692625999450684,0.0889813676476478,0.9917980432510376,0.9405425786972046,0.2147299200296402,0.9784466624259948,fine_tuning,500
300,0.9687848091125488,0.0899101868271827,0.9931517839431764,0.9394277334213256,0.2155773341655731,0.9784466624259948,fine_tuning,501
301,0.9687848091125488,0.0889344066381454,0.9930721521377563,0.9416573643684388,0.2149039655923843,0.9780750870704652,fine_tuning,502
302,0.9691033363342284,0.0931280255317688,0.992435097694397,0.9409141540527344,0.2146452367305755,0.9784466624259948,fine_tuning,503
303,0.9681478142738342,0.0962774232029914,0.9928332567214966,0.9427722096443176,0.2154247909784317,0.9784466624259948,fine_tuning,504
304,0.9690237045288086,0.0919169932603836,0.9928332567214966,0.9405425786972046,0.2168051749467849,0.9788182973861694,fine_tuning,505
305,0.967351496219635,0.0900461599230766,0.9926739931106568,0.9416573643684388,0.2156078964471817,0.9780750870704652,fine_tuning,506
306,0.9692625999450684,0.0878191962838172,0.99458509683609,0.9420289993286132,0.2150993198156356,0.9784466624259948,fine_tuning,507
307,0.9659977555274964,0.0933482721447944,0.9925147294998168,0.9416573643684388,0.214532271027565,0.9780750870704652,fine_tuning,508
308,0.9685459733009338,0.0916800945997238,0.9921962022781372,0.9412857890129088,0.2135655283927917,0.9788182973861694,fine_tuning,509
309,0.9679885506629944,0.0942466780543327,0.991320252418518,0.9431437849998474,0.2139214426279068,0.9780750870704652,fine_tuning,510
310,0.968466341495514,0.0936576351523399,0.9920369386672974,0.9427722096443176,0.2144128233194351,0.9784466624259948,fine_tuning,511
311,0.9687848091125488,0.091414175927639,0.992355465888977,0.9438870549201964,0.2144394814968109,0.9788182973861694,fine_tuning,512
312,0.9679089188575744,0.090586356818676,0.9936295747756958,0.9438870549201964,0.2150630354881286,0.9784466624259948,fine_tuning,513
313,0.9678292870521544,0.0910539478063583,0.9932314157485962,0.9431437849998474,0.2153269350528717,0.9791898727416992,fine_tuning,514
314,0.9704570770263672,0.0903902649879455,0.9925147294998168,0.9427722096443176,0.2144054621458053,0.9791898727416992,fine_tuning,515
315,0.9659181237220764,0.0977112799882888,0.9907628893852234,0.9424005746841432,0.2146718502044677,0.9791898727416992,fine_tuning,516
316,0.9671922326087952,0.0926960110664367,0.9941073656082152,0.9438870549201964,0.215357095003128,0.9784466624259948,fine_tuning,517
317,0.9680681824684144,0.0928442031145095,0.9921165704727172,0.9427722096443176,0.2160880714654922,0.9788182973861694,fine_tuning,518
318,0.9692625999450684,0.0885867327451706,0.993470311164856,0.9420289993286132,0.2152074724435806,0.9791898727416992,fine_tuning,519
319,0.967351496219635,0.0894054695963859,0.993549942970276,0.9424005746841432,0.2150912880897522,0.9795615077018738,fine_tuning,520
320,0.9660773873329164,0.097783125936985,0.9918776750564576,0.9431437849998474,0.215224340558052,0.9791898727416992,fine_tuning,521
321,0.968307077884674,0.0880209580063819,0.993470311164856,0.9416573643684388,0.2145072519779205,0.9799330830574036,fine_tuning,522
322,0.9685459733009338,0.0902314111590385,0.9929128885269164,0.9416573643684388,0.214218333363533,0.9780750870704652,fine_tuning,523
323,0.9681478142738342,0.0928951352834701,0.9927536249160768,0.9431437849998474,0.2146436125040054,0.9780750870704652,fine_tuning,524
324,0.9672718644142152,0.0956069827079773,0.992355465888977,0.9420289993286132,0.2142974436283111,0.9788182973861694,fine_tuning,525
325,0.969501495361328,0.0882424041628837,0.9936295747756958,0.9420289993286132,0.2144438326358795,0.9784466624259948,fine_tuning,526
326,0.9687848091125488,0.0897843092679977,0.993390679359436,0.9416573643684388,0.2141757607460022,0.9799330830574036,fine_tuning,527
327,0.9685459733009338,0.0913295820355415,0.9932314157485962,0.9424005746841432,0.2145580053329467,0.9791898727416992,fine_tuning,528
328,0.966395914554596,0.0949576869606971,0.9920369386672974,0.9416573643684388,0.2138682305812835,0.9791898727416992,fine_tuning,529
329,0.9692625999450684,0.0898196250200271,0.9936295747756958,0.9416573643684388,0.2145192921161651,0.9788182973861694,fine_tuning,530
330,0.9679885506629944,0.0885346308350563,0.9929925203323364,0.9412857890129088,0.2145493775606155,0.9791898727416992,fine_tuning,531
331,0.9679089188575744,0.0919916778802871,0.992435097694397,0.9420289993286132,0.2150385528802871,0.9784466624259948,fine_tuning,532
332,0.9693422317504884,0.0901112407445907,0.9931517839431764,0.9424005746841432,0.2158177942037582,0.9784466624259948,fine_tuning,533
333,0.9688644409179688,0.0904790535569191,0.9931517839431764,0.9427722096443176,0.2159496396780014,0.9780750870704652,fine_tuning,534
334,0.969501495361328,0.0877930596470832,0.993390679359436,0.9424005746841432,0.2160076647996902,0.9788182973861694,fine_tuning,535
335,0.9698996543884276,0.0892592370510101,0.992435097694397,0.9427722096443176,0.2155011892318725,0.9788182973861694,fine_tuning,536
336,0.9687052369117736,0.0895012095570564,0.9925943613052368,0.9424005746841432,0.2151885330677032,0.9795615077018738,fine_tuning,537
337,0.9698996543884276,0.0908678546547889,0.992435097694397,0.9424005746841432,0.2162286192178726,0.9791898727416992,fine_tuning,538
338,0.9677496552467346,0.0930297076702117,0.993390679359436,0.9416573643684388,0.2174072563648224,0.9784466624259948,fine_tuning,539
339,0.9679885506629944,0.0901224538683891,0.9937092065811156,0.9424005746841432,0.2157137393951416,0.9795615077018738,fine_tuning,540
340,0.9675903916358948,0.0938055887818336,0.9925147294998168,0.9416573643684388,0.2159013301134109,0.9795615077018738,fine_tuning,541
341,0.9698200225830078,0.0887443572282791,0.9927536249160768,0.9420289993286132,0.216670274734497,0.9799330830574036,fine_tuning,542
342,0.968386709690094,0.0921524614095687,0.9921962022781372,0.9416573643684388,0.2161816954612732,0.980304718017578,fine_tuning,543
343,0.968307077884674,0.0908622369170188,0.9931517839431764,0.9431437849998474,0.2156560122966766,0.9795615077018738,fine_tuning,544
344,0.9704570770263672,0.0902179777622222,0.9922758340835572,0.9420289993286132,0.2155211418867111,0.9795615077018738,fine_tuning,545
345,0.9701385498046876,0.0907387733459472,0.9929925203323364,0.9427722096443176,0.2146748006343841,0.9788182973861694,fine_tuning,546
346,0.968386709690094,0.0904197692871093,0.9929925203323364,0.9420289993286132,0.21404729783535,0.9791898727416992,fine_tuning,547
347,0.9681478142738342,0.0904295742511749,0.9919573068618774,0.9427722096443176,0.2165881097316742,0.9791898727416992,fine_tuning,548
348,0.9703774452209472,0.0869106128811836,0.9932314157485962,0.9427722096443176,0.2173053175210952,0.9780750870704652,fine_tuning,549
349,0.9689440727233888,0.0882064625620842,0.993311047554016,0.9416573643684388,0.2163131684064865,0.9784466624259948,fine_tuning,550
350,0.9685459733009338,0.0905181616544723,0.9925147294998168,0.9416573643684388,0.2160469442605972,0.9788182973861694,fine_tuning,551
351,0.969740390777588,0.0878376513719558,0.993549942970276,0.9420289993286132,0.2169759273529052,0.9784466624259948,fine_tuning,552
352,0.970695972442627,0.0870652347803115,0.993311047554016,0.9431437849998474,0.2162821292877197,0.9780750870704652,fine_tuning,553
353,0.9708552360534668,0.0858261883258819,0.9921962022781372,0.9431437849998474,0.2162130624055862,0.9788182973861694,fine_tuning,554
354,0.9678292870521544,0.0917886048555374,0.9926739931106568,0.943515419960022,0.2166656702756881,0.9784466624259948,fine_tuning,555
355,0.9691033363342284,0.0896960347890853,0.9927536249160768,0.9424005746841432,0.2159562706947326,0.9788182973861694,fine_tuning,556
356,0.971571922302246,0.0822079628705978,0.9941073656082152,0.9431437849998474,0.2164939194917678,0.9788182973861694,fine_tuning,557
357,0.9677496552467346,0.0927237570285797,0.992355465888977,0.9438870549201964,0.2147471010684967,0.9784466624259948,fine_tuning,558
358,0.969581127166748,0.0901320576667785,0.9939481019973756,0.9438870549201964,0.214196965098381,0.9784466624259948,fine_tuning,559
359,0.9714922904968262,0.082763522863388,0.9925147294998168,0.943515419960022,0.2144499570131302,0.9788182973861694,fine_tuning,560
360,0.9720497131347656,0.0829212889075279,0.9937888383865356,0.9438870549201964,0.2151273488998413,0.9791898727416992,fine_tuning,561
361,0.9700589179992676,0.0832106098532676,0.9939481019973756,0.9446302652359008,0.2162321805953979,0.9788182973861694,fine_tuning,562
362,0.9691829681396484,0.0904202908277511,0.9938684701919556,0.9427722096443176,0.2164729684591293,0.9795615077018738,fine_tuning,563
363,0.9687848091125488,0.089838869869709,0.991479516029358,0.9427722096443176,0.2156882435083389,0.9795615077018738,fine_tuning,564
364,0.9675107598304749,0.0928855165839195,0.9916387796401978,0.9431437849998474,0.2150347530841827,0.9795615077018738,fine_tuning,565
365,0.9698200225830078,0.088308036327362,0.993311047554016,0.9424005746841432,0.2152499705553054,0.9788182973861694,fine_tuning,566
366,0.9692625999450684,0.0920795649290084,0.9922758340835572,0.9427722096443176,0.2152242213487625,0.9795615077018738,fine_tuning,567
367,0.9682274460792542,0.0923996716737747,0.9917980432510376,0.9427722096443176,0.2147186696529388,0.9784466624259948,fine_tuning,568
368,0.9667940735816956,0.0912074819207191,0.9929128885269164,0.9424005746841432,0.2135756462812423,0.9784466624259948,fine_tuning,569
369,0.9682274460792542,0.092306412756443,0.9929128885269164,0.9438870549201964,0.2148086577653885,0.9799330830574036,fine_tuning,570
370,0.9707756042480468,0.0862265303730964,0.9938684701919556,0.9431437849998474,0.2149822860956192,0.980304718017578,fine_tuning,571
371,0.9677496552467346,0.0908089131116867,0.9928332567214966,0.9424005746841432,0.2153324782848358,0.9791898727416992,fine_tuning,572
372,0.9691033363342284,0.091733694076538,0.9940277338027954,0.9427722096443176,0.2156120836734771,0.9788182973861694,fine_tuning,573
373,0.971571922302246,0.0846518129110336,0.9937092065811156,0.9420289993286132,0.2157417684793472,0.9788182973861694,fine_tuning,574
374,0.9699792861938475,0.0856901481747627,0.9937888383865356,0.9427722096443176,0.2173202186822891,0.9788182973861694,fine_tuning,575
375,0.968307077884674,0.0886182859539985,0.9941869974136353,0.9420289993286132,0.2159046828746795,0.9791898727416992,fine_tuning,576
376,0.9690237045288086,0.0872234180569648,0.993549942970276,0.9416573643684388,0.2162194550037384,0.9784466624259948,fine_tuning,577
377,0.969581127166748,0.0859159976243972,0.9941869974136353,0.9424005746841432,0.2164036035537719,0.9784466624259948,fine_tuning,578
378,0.969740390777588,0.0864753872156143,0.993470311164856,0.9427722096443176,0.2174696624279022,0.9788182973861694,fine_tuning,579
379,0.969581127166748,0.0889961123466491,0.993311047554016,0.943515419960022,0.2168051749467849,0.9795615077018738,fine_tuning,580
380,0.9709348678588868,0.0856797322630882,0.9920369386672974,0.9431437849998474,0.2160146385431289,0.9795615077018738,fine_tuning,581
381,0.9699792861938475,0.0862841755151748,0.993390679359436,0.9420289993286132,0.21648471057415,0.9795615077018738,fine_tuning,582
382,0.9687052369117736,0.0907889455556869,0.9917184114456176,0.9427722096443176,0.2159891277551651,0.9795615077018738,fine_tuning,583
383,0.9698200225830078,0.0873659700155258,0.993390679359436,0.9424005746841432,0.2152306884527206,0.9795615077018738,fine_tuning,584
384,0.9686256051063538,0.088544949889183,0.9929925203323364,0.9427722096443176,0.2157877683639526,0.9795615077018738,fine_tuning,585
385,0.9691033363342284,0.0880966410040855,0.9925943613052368,0.9427722096443176,0.2161628454923629,0.9788182973861694,fine_tuning,586
386,0.970616340637207,0.0880938917398452,0.9925147294998168,0.9424005746841432,0.2166520953178405,0.9788182973861694,fine_tuning,587
387,0.9690237045288086,0.0847557485103607,0.993390679359436,0.9420289993286132,0.2161315381526947,0.9799330830574036,fine_tuning,588
388,0.9679089188575744,0.0892698690295219,0.9928332567214966,0.9427722096443176,0.2167358696460724,0.9788182973861694,fine_tuning,589
389,0.97284597158432,0.081368550658226,0.9937888383865356,0.943515419960022,0.2165816128253936,0.9795615077018738,fine_tuning,590
390,0.9691829681396484,0.0880752727389335,0.9925943613052368,0.9420289993286132,0.2166856229305267,0.9788182973861694,fine_tuning,591
391,0.969501495361328,0.091483362019062,0.9928332567214966,0.9446302652359008,0.2145730704069137,0.9788182973861694,fine_tuning,592
392,0.9692625999450684,0.0878348499536514,0.9941073656082152,0.943515419960022,0.2151490896940231,0.9788182973861694,fine_tuning,593
393,0.9694218635559082,0.0880759209394455,0.993311047554016,0.9427722096443176,0.2151242047548294,0.9784466624259948,fine_tuning,594
394,0.9689440727233888,0.0872531533241272,0.9932314157485962,0.9427722096443176,0.2152685970067978,0.9788182973861694,fine_tuning,595
395,0.9701385498046876,0.0877693593502044,0.9945054650306702,0.9424005746841432,0.2155604809522628,0.9788182973861694,fine_tuning,596
396,0.969581127166748,0.0871883183717727,0.993390679359436,0.9431437849998474,0.2144020795822143,0.9788182973861694,fine_tuning,597
397,0.9710941314697266,0.0843289494514465,0.9932314157485962,0.943515419960022,0.2150495201349258,0.9784466624259948,fine_tuning,598
398,0.9708552360534668,0.0902802273631095,0.992435097694397,0.9431437849998474,0.2146890461444854,0.9788182973861694,fine_tuning,599
399,0.9702978134155272,0.0850586369633674,0.9936295747756958,0.9427722096443176,0.2159048020839691,0.9780750870704652,fine_tuning,600
