,dinobryon,nauplius,maybe_cyano,diaphanosoma,asterionella,uroglena,cyclops,ceratium,asplanchna,rotifers,daphnia,eudiaptomus,kellicottia,paradileptus,keratella_quadrata,filament,fragilaria,trichocerca,conochilus,aphanizomenon,fish,leptodora,unknown,synchaeta,brachionus,dirt,keratella_cochlearis,bosmina,unknown_plankton,polyarthra,copepod_skins,hydra,diatom_chain,daphnia_skins,chaoborus
dinobryon (510),0.9901960784313726,0.0058823529411764705,0.00392156862745098,0.0,0.0,0.0,0.0,0.0,0.0,0.0,0.0,0.0,0.0,0.0,0.0,0.0,0.0,0.0,0.0,0.0,0.0,0.0,0.0,0.0,0.0,0.0,0.0,0.0,0.0,0.0,0.0,0.0,0.0,0.0,0.0
nauplius (222),0.009009009009009009,0.9819819819819819,0.0,0.0,0.0,0.0,0.0,0.0045045045045045045,0.0,0.0,0.0,0.0,0.0,0.0,0.0,0.0,0.0,0.0,0.0,0.0,0.0,0.0,0.0045045045045045045,0.0,0.0,0.0,0.0,0.0,0.0,0.0,0.0,0.0,0.0,0.0,0.0
maybe_cyano (202),0.0,0.0,0.9851485148514851,0.0,0.0049504950495049506,0.0,0.0,0.0049504950495049506,0.0,0.0,0.0,0.0,0.0,0.0,0.0,0.0,0.0049504950495049506,0.0,0.0,0.0,0.0,0.0,0.0,0.0,0.0,0.0,0.0,0.0,0.0,0.0,0.0,0.0,0.0,0.0,0.0
diaphanosoma (159),0.0,0.0,0.0,0.9559748427672956,0.0,0.0,0.006289308176100629,0.0,0.0,0.0,0.018867924528301886,0.0,0.0,0.0,0.0,0.0,0.0,0.0,0.0,0.0,0.0,0.0,0.0,0.0,0.0,0.0,0.0,0.0,0.006289308176100629,0.0,0.0,0.0,0.0,0.0,0.012578616352201259
asterionella (154),0.012987012987012988,0.0,0.006493506493506494,0.0,0.974025974025974,0.0,0.0,0.0,0.0,0.0,0.0,0.0,0.006493506493506494,0.0,0.0,0.0,0.0,0.0,0.0,0.0,0.0,0.0,0.0,0.0,0.0,0.0,0.0,0.0,0.0,0.0,0.0,0.0,0.0,0.0,0.0
uroglena (145),0.0,0.0,0.0,0.0,0.0,1.0,0.0,0.0,0.0,0.0,0.0,0.0,0.0,0.0,0.0,0.0,0.0,0.0,0.0,0.0,0.0,0.0,0.0,0.0,0.0,0.0,0.0,0.0,0.0,0.0,0.0,0.0,0.0,0.0,0.0
cyclops (127),0.0,0.0,0.0,0.0,0.0,0.0,0.952755905511811,0.0,0.0,0.0,0.007874015748031496,0.031496062992125984,0.0,0.0,0.0,0.0,0.0,0.0,0.0,0.0,0.007874015748031496,0.0,0.0,0.0,0.0,0.0,0.0,0.0,0.0,0.0,0.0,0.0,0.0,0.0,0.0
ceratium (126),0.0,0.0,0.0,0.0,0.0,0.0,0.0,1.0,0.0,0.0,0.0,0.0,0.0,0.0,0.0,0.0,0.0,0.0,0.0,0.0,0.0,0.0,0.0,0.0,0.0,0.0,0.0,0.0,0.0,0.0,0.0,0.0,0.0,0.0,0.0
asplanchna (103),0.0,0.0,0.0,0.0,0.0,0.0,0.0,0.0,0.970873786407767,0.0,0.0,0.0,0.0,0.0,0.009708737864077669,0.0,0.0,0.0,0.0,0.0,0.0,0.0,0.0,0.009708737864077669,0.0,0.0,0.0,0.0,0.0,0.0,0.009708737864077669,0.0,0.0,0.0,0.0
rotifers (100),0.0,0.0,0.0,0.0,0.0,0.0,0.0,0.0,0.0,0.93,0.0,0.0,0.0,0.0,0.0,0.0,0.0,0.0,0.0,0.0,0.0,0.0,0.01,0.0,0.05,0.0,0.01,0.0,0.0,0.0,0.0,0.0,0.0,0.0,0.0
daphnia (99),0.0,0.0,0.0,0.010101010101010102,0.0,0.0,0.0,0.0,0.0,0.0,0.9797979797979798,0.0,0.0,0.0,0.0,0.0,0.0,0.0,0.0,0.0,0.0,0.0,0.0,0.0,0.0,0.0,0.0,0.0,0.0,0.0,0.0,0.0,0.0,0.010101010101010102,0.0
eudiaptomus (87),0.0,0.0,0.0,0.0,0.0,0.0,0.12643678160919541,0.0,0.0,0.0,0.022988505747126436,0.7931034482758621,0.011494252873563218,0.0,0.0,0.011494252873563218,0.0,0.0,0.011494252873563218,0.0,0.0,0.0,0.0,0.0,0.0,0.0,0.0,0.0,0.011494252873563218,0.0,0.0,0.011494252873563218,0.0,0.0,0.0
kellicottia (79),0.0,0.0,0.0,0.0,0.0,0.0,0.0,0.0,0.0,0.0,0.0,0.0,0.9873417721518988,0.0,0.0,0.0,0.0,0.0,0.0,0.012658227848101266,0.0,0.0,0.0,0.0,0.0,0.0,0.0,0.0,0.0,0.0,0.0,0.0,0.0,0.0,0.0
paradileptus (72),0.0,0.0,0.0,0.0,0.0,0.0,0.0,0.0,0.0,0.0,0.0,0.0,0.027777777777777776,0.9444444444444444,0.013888888888888888,0.0,0.0,0.013888888888888888,0.0,0.0,0.0,0.0,0.0,0.0,0.0,0.0,0.0,0.0,0.0,0.0,0.0,0.0,0.0,0.0,0.0
keratella_quadrata (70),0.014285714285714285,0.014285714285714285,0.0,0.0,0.0,0.0,0.0,0.014285714285714285,0.0,0.014285714285714285,0.0,0.0,0.0,0.0,0.8857142857142857,0.0,0.0,0.04285714285714286,0.0,0.0,0.0,0.0,0.014285714285714285,0.0,0.0,0.0,0.0,0.0,0.0,0.0,0.0,0.0,0.0,0.0,0.0
filament (64),0.0,0.0,0.0,0.0,0.0,0.0,0.0,0.015625,0.0,0.0,0.0,0.0,0.015625,0.0,0.0,0.875,0.015625,0.0,0.0,0.015625,0.015625,0.0,0.0,0.0,0.0,0.0,0.0,0.0,0.0,0.0,0.0,0.0,0.046875,0.0,0.0
fragilaria (56),0.0,0.0,0.0,0.0,0.0,0.0,0.0,0.0,0.0,0.0,0.0,0.0,0.0,0.0,0.0,0.017857142857142856,0.9642857142857143,0.0,0.0,0.017857142857142856,0.0,0.0,0.0,0.0,0.0,0.0,0.0,0.0,0.0,0.0,0.0,0.0,0.0,0.0,0.0
trichocerca (44),0.0,0.0,0.0,0.0,0.0,0.0,0.0,0.0,0.0,0.022727272727272728,0.0,0.0,0.0,0.0,0.0,0.0,0.0,0.9318181818181818,0.0,0.045454545454545456,0.0,0.0,0.0,0.0,0.0,0.0,0.0,0.0,0.0,0.0,0.0,0.0,0.0,0.0,0.0
conochilus (33),0.0,0.0,0.0,0.0,0.0,0.0,0.0,0.0,0.030303030303030304,0.0,0.0,0.0,0.0,0.0,0.0,0.0,0.0,0.0,0.9696969696969697,0.0,0.0,0.0,0.0,0.0,0.0,0.0,0.0,0.0,0.0,0.0,0.0,0.0,0.0,0.0,0.0
aphanizomenon (33),0.0,0.0,0.0,0.0,0.0,0.0,0.0,0.0,0.0,0.0,0.0,0.0,0.030303030303030304,0.0,0.0,0.0,0.0,0.0,0.0,0.9696969696969697,0.0,0.0,0.0,0.0,0.0,0.0,0.0,0.0,0.0,0.0,0.0,0.0,0.0,0.0,0.0
fish (29),0.0,0.0,0.0,0.0,0.0,0.0,0.0,0.0,0.0,0.0,0.0,0.0,0.0,0.0,0.0,0.034482758620689655,0.0,0.0,0.0,0.0,0.9655172413793104,0.0,0.0,0.0,0.0,0.0,0.0,0.0,0.0,0.0,0.0,0.0,0.0,0.0,0.0
leptodora (26),0.0,0.0,0.0,0.0,0.0,0.0,0.0,0.0,0.0,0.0,0.038461538461538464,0.0,0.0,0.0,0.0,0.0,0.0,0.0,0.0,0.0,0.11538461538461539,0.8461538461538461,0.0,0.0,0.0,0.0,0.0,0.0,0.0,0.0,0.0,0.0,0.0,0.0,0.0
unknown (26),0.038461538461538464,0.0,0.038461538461538464,0.0,0.0,0.0,0.0,0.0,0.0,0.2692307692307692,0.0,0.0,0.038461538461538464,0.0,0.0,0.0,0.0,0.0,0.0,0.0,0.0,0.0,0.5384615384615384,0.0,0.0,0.0,0.0,0.0,0.07692307692307693,0.0,0.0,0.0,0.0,0.0,0.0
synchaeta (23),0.0,0.0,0.0,0.0,0.0,0.0,0.0,0.0,0.08695652173913043,0.0,0.0,0.0,0.0,0.0,0.0,0.0,0.0,0.0,0.0,0.0,0.0,0.0,0.043478260869565216,0.8695652173913043,0.0,0.0,0.0,0.0,0.0,0.0,0.0,0.0,0.0,0.0,0.0
brachionus (23),0.043478260869565216,0.0,0.0,0.0,0.0,0.0,0.0,0.0,0.0,0.21739130434782608,0.0,0.0,0.0,0.0,0.0,0.0,0.0,0.0,0.0,0.0,0.0,0.0,0.0,0.0,0.6956521739130435,0.0,0.043478260869565216,0.0,0.0,0.0,0.0,0.0,0.0,0.0,0.0
dirt (18),0.16666666666666666,0.05555555555555555,0.05555555555555555,0.0,0.05555555555555555,0.0,0.0,0.0,0.0,0.05555555555555555,0.0,0.0,0.0,0.0,0.0,0.0,0.0,0.0,0.0,0.05555555555555555,0.0,0.0,0.05555555555555555,0.1111111111111111,0.05555555555555555,0.1111111111111111,0.05555555555555555,0.0,0.1111111111111111,0.05555555555555555,0.0,0.0,0.0,0.0,0.0
keratella_cochlearis (15),0.0,0.0,0.0,0.0,0.0,0.0,0.0,0.13333333333333333,0.0,0.0,0.0,0.0,0.0,0.0,0.06666666666666667,0.0,0.0,0.0,0.0,0.0,0.0,0.0,0.0,0.0,0.0,0.0,0.8,0.0,0.0,0.0,0.0,0.0,0.0,0.0,0.0
bosmina (15),0.0,0.0,0.0,0.0,0.0,0.0,0.26666666666666666,0.0,0.13333333333333333,0.0,0.2,0.06666666666666667,0.0,0.0,0.0,0.0,0.0,0.0,0.0,0.0,0.0,0.0,0.0,0.0,0.0,0.0,0.0,0.26666666666666666,0.0,0.0,0.0,0.0,0.0,0.06666666666666667,0.0
unknown_plankton (11),0.09090909090909091,0.09090909090909091,0.0,0.0,0.0,0.0,0.09090909090909091,0.0,0.0,0.09090909090909091,0.0,0.09090909090909091,0.09090909090909091,0.0,0.0,0.0,0.0,0.0,0.0,0.0,0.09090909090909091,0.0,0.0,0.09090909090909091,0.0,0.09090909090909091,0.0,0.0,0.09090909090909091,0.0,0.09090909090909091,0.0,0.0,0.0,0.0
polyarthra (10),0.0,0.0,0.0,0.0,0.0,0.0,0.0,0.0,0.0,0.9,0.0,0.0,0.0,0.0,0.0,0.0,0.0,0.1,0.0,0.0,0.0,0.0,0.0,0.0,0.0,0.0,0.0,0.0,0.0,0.0,0.0,0.0,0.0,0.0,0.0
copepod_skins (3),0.0,0.0,0.0,0.0,0.0,0.0,0.0,0.0,0.0,0.0,0.0,0.0,0.0,0.0,0.0,0.0,0.0,0.0,0.0,0.0,0.0,0.0,0.0,0.0,0.0,0.0,0.0,0.0,0.0,0.0,1.0,0.0,0.0,0.0,0.0
hydra (2),0.0,0.0,0.0,0.0,0.0,0.0,0.0,0.0,0.0,0.0,0.0,0.5,0.0,0.0,0.0,0.0,0.0,0.0,0.0,0.0,0.0,0.0,0.0,0.0,0.0,0.0,0.0,0.0,0.0,0.0,0.0,0.5,0.0,0.0,0.0
diatom_chain (2),0.0,0.0,0.0,0.0,0.0,0.0,0.0,0.0,0.0,0.0,0.0,0.0,0.0,0.0,0.0,0.0,0.0,0.0,0.0,0.0,0.0,0.0,0.0,0.0,0.0,0.0,0.0,0.0,0.0,0.0,0.0,0.0,1.0,0.0,0.0
daphnia_skins (2),0.0,0.0,0.0,0.0,0.0,0.0,0.0,0.0,0.0,0.0,0.0,0.0,0.0,0.0,0.0,0.0,0.0,0.0,0.0,0.0,0.0,0.0,0.0,0.0,0.0,0.0,0.0,0.0,0.0,0.0,0.0,0.0,0.0,1.0,0.0
chaoborus (1),0.0,0.0,0.0,1.0,0.0,0.0,0.0,0.0,0.0,0.0,0.0,0.0,0.0,0.0,0.0,0.0,0.0,0.0,0.0,0.0,0.0,0.0,0.0,0.0,0.0,0.0,0.0,0.0,0.0,0.0,0.0,0.0,0.0,0.0,0.0
